date,time,desc,boro,lat,lon
12/31/2016,01:05:00,MURDER & NON-NEGL. MANSLAUGHTER,BROOKLYN,40.648265282,-73.955752145
12/30/2016,00:40:00,MURDER & NON-NEGL. MANSLAUGHTER,BRONX,40.837321839,-73.9101166
12/26/2016,12:45:00,MURDER & NON-NEGL. MANSLAUGHTER,STATEN ISLAND,40.624236771999996,-74.080755533
12/26/2016,08:14:00,MURDER & NON-NEGL. MANSLAUGHTER,MANHATTAN,40.832111106,-73.948294253
12/26/2016,08:14:00,MURDER & NON-NEGL. MANSLAUGHTER,MANHATTAN,40.832111106,-73.948294253
12/25/2016,12:51:00,MURDER & NON-NEGL. MANSLAUGHTER,BROOKLYN,40.646328278,-73.929804249
12/20/2016,20:24:00,MURDER & NON-NEGL. MANSLAUGHTER,BRONX,40.83987167,-73.888139806
12/19/2016,18:00:00,MURDER & NON-NEGL. MANSLAUGHTER,MANHATTAN,40.806617895,-73.936765755
12/18/2016,15:31:00,MURDER & NON-NEGL. MANSLAUGHTER,BROOKLYN,40.65758692,-73.92905355
12/17/2016,02:20:00,MURDER & NON-NEGL. MANSLAUGHTER,MANHATTAN,40.753874924,-73.98482044
12/14/2016,18:45:00,MURDER & NON-NEGL. MANSLAUGHTER,MANHATTAN,40.809413199,-73.944367164
12/01/2016,19:00:00,MURDER & NON-NEGL. MANSLAUGHTER,BRONX,40.841690923,-73.837040057
12/13/2016,20:45:00,MURDER & NON-NEGL. MANSLAUGHTER,BRONX,40.820986429,-73.892228964
12/13/2016,18:21:00,MURDER & NON-NEGL. MANSLAUGHTER,BROOKLYN,40.679066318000004,-73.915067287
12/11/2016,20:29:00,MURDER & NON-NEGL. MANSLAUGHTER,BRONX,40.845984791,-73.907462791
12/11/2016,12:22:00,MURDER & NON-NEGL. MANSLAUGHTER,QUEENS,40.669758105999996,-73.802651938
12/11/2016,00:20:00,MURDER & NON-NEGL. MANSLAUGHTER,BROOKLYN,40.703807407,-73.952858808
12/09/2016,01:50:00,MURDER & NON-NEGL. MANSLAUGHTER,MANHATTAN,40.799086317,-73.947619211
12/07/2016,15:02:00,MURDER & NON-NEGL. MANSLAUGHTER,BROOKLYN,40.638689107,-73.916812154
12/05/2016,00:15:00,MURDER & NON-NEGL. MANSLAUGHTER,QUEENS,40.689141332,-73.820854715
12/04/2016,21:17:00,MURDER & NON-NEGL. MANSLAUGHTER,BROOKLYN,40.626986011,-73.91401678300001
12/03/2016,20:35:00,MURDER & NON-NEGL. MANSLAUGHTER,BRONX,40.837683801,-73.913256606
11/30/2016,10:24:00,MURDER & NON-NEGL. MANSLAUGHTER,BROOKLYN,40.667862819,-73.905388469
11/30/2016,02:00:00,MURDER & NON-NEGL. MANSLAUGHTER,QUEENS,40.69119702,-73.835460637
11/30/2016,00:43:00,MURDER & NON-NEGL. MANSLAUGHTER,BROOKLYN,40.667533426999995,-73.86424849
11/28/2016,23:19:00,MURDER & NON-NEGL. MANSLAUGHTER,MANHATTAN,40.849776217,-73.937527165
11/28/2016,14:50:00,MURDER & NON-NEGL. MANSLAUGHTER,BRONX,40.823423869,-73.90158306100001
11/27/2016,20:30:00,MURDER & NON-NEGL. MANSLAUGHTER,MANHATTAN,40.790325046999996,-73.941710718
11/26/2016,21:07:00,MURDER & NON-NEGL. MANSLAUGHTER,STATEN ISLAND,40.621066254,-74.084955452
11/26/2016,12:00:00,MURDER & NON-NEGL. MANSLAUGHTER,BRONX,40.874180976,-73.833872447
11/24/2016,12:15:00,MURDER & NON-NEGL. MANSLAUGHTER,QUEENS,40.743417441999995,-73.87846775199999
11/23/2016,23:59:00,MURDER & NON-NEGL. MANSLAUGHTER,BRONX,40.824798920999996,-73.90817515100001
11/23/2016,20:30:00,MURDER & NON-NEGL. MANSLAUGHTER,BROOKLYN,40.678435246,-73.927430623
11/22/2016,18:25:00,MURDER & NON-NEGL. MANSLAUGHTER,QUEENS,40.668529332,-73.848497285
11/20/2016,12:30:00,MURDER & NON-NEGL. MANSLAUGHTER,BRONX,40.823876276,-73.891862968
11/13/2016,05:30:00,MURDER & NON-NEGL. MANSLAUGHTER,MANHATTAN,40.759150161,-73.960843907
11/11/2016,09:28:00,MURDER & NON-NEGL. MANSLAUGHTER,BROOKLYN,40.66357893,-73.896646458
11/07/2016,13:20:00,MURDER & NON-NEGL. MANSLAUGHTER,MANHATTAN,40.753532701,-73.994536892
11/04/2016,14:45:00,MURDER & NON-NEGL. MANSLAUGHTER,BRONX,40.837129445,-73.867194698
11/03/2016,21:14:00,MURDER & NON-NEGL. MANSLAUGHTER,BRONX,40.829952373000005,-73.930051383
11/02/2016,13:25:00,MURDER & NON-NEGL. MANSLAUGHTER,BRONX,40.819320486,-73.915383261
11/01/2016,22:40:00,MURDER & NON-NEGL. MANSLAUGHTER,BRONX,40.821455961999995,-73.86620348699999
11/01/2016,20:49:00,MURDER & NON-NEGL. MANSLAUGHTER,BROOKLYN,40.669372829000004,-73.920393103
10/30/2016,23:40:00,MURDER & NON-NEGL. MANSLAUGHTER,BRONX,40.846278812,-73.89205787
10/30/2016,02:13:00,MURDER & NON-NEGL. MANSLAUGHTER,QUEENS,40.697233391,-73.78431906
10/29/2016,04:15:00,MURDER & NON-NEGL. MANSLAUGHTER,QUEENS,40.678469299999996,-73.782447304
09/27/2016,19:27:00,MURDER & NON-NEGL. MANSLAUGHTER,BRONX,40.852381909,-73.91351577100001
09/05/2016,21:50:00,MURDER & NON-NEGL. MANSLAUGHTER,MANHATTAN,40.82294535,-73.95198314
10/23/2016,01:50:00,MURDER & NON-NEGL. MANSLAUGHTER,BRONX,40.812699136999996,-73.92161973600001
10/17/2016,16:32:00,MURDER & NON-NEGL. MANSLAUGHTER,MANHATTAN,40.822262072,-73.940537398
10/15/2016,23:30:00,MURDER & NON-NEGL. MANSLAUGHTER,BRONX,40.841944334000004,-73.914248556
10/13/2016,00:47:00,MURDER & NON-NEGL. MANSLAUGHTER,QUEENS,40.693415665,-73.848069308
10/01/2016,19:25:00,MURDER & NON-NEGL. MANSLAUGHTER,BRONX,40.842803108000005,-73.897076401
10/09/2016,21:14:00,MURDER & NON-NEGL. MANSLAUGHTER,BRONX,40.903468077,-73.844630036
10/08/2016,16:34:00,MURDER & NON-NEGL. MANSLAUGHTER,BRONX,40.838778865,-73.86470137399999
10/08/2016,07:45:00,MURDER & NON-NEGL. MANSLAUGHTER,BROOKLYN,40.606351698000005,-73.94199018399999
10/06/2016,21:27:00,MURDER & NON-NEGL. MANSLAUGHTER,MANHATTAN,40.798285226,-73.96267373100001
10/05/2016,17:58:00,MURDER & NON-NEGL. MANSLAUGHTER,BROOKLYN,40.67278405,-73.866472894
10/05/2016,00:07:00,MURDER & NON-NEGL. MANSLAUGHTER,BROOKLYN,40.68773221,-73.937491478
10/03/2016,23:52:00,MURDER & NON-NEGL. MANSLAUGHTER,MANHATTAN,40.810524424,-73.938214246
10/03/2016,12:54:00,MURDER & NON-NEGL. MANSLAUGHTER,MANHATTAN,40.840783858,-73.936252607
10/02/2016,18:25:00,MURDER & NON-NEGL. MANSLAUGHTER,STATEN ISLAND,40.568827644,-74.121181494
10/02/2016,04:15:00,MURDER & NON-NEGL. MANSLAUGHTER,BRONX,40.876743654,-73.90622669
10/01/2016,19:25:00,MURDER & NON-NEGL. MANSLAUGHTER,BRONX,40.842803108000005,-73.897076401
10/01/2016,09:40:00,MURDER & NON-NEGL. MANSLAUGHTER,BROOKLYN,40.650957959,-73.955865681
09/30/2016,17:35:00,MURDER & NON-NEGL. MANSLAUGHTER,MANHATTAN,40.720450333,-73.97491448
09/29/2016,09:00:00,MURDER & NON-NEGL. MANSLAUGHTER,BROOKLYN,40.638667594,-74.02246340399999
09/28/2016,23:26:00,MURDER & NON-NEGL. MANSLAUGHTER,QUEENS,40.708227855,-73.912862387
09/28/2016,07:24:00,MURDER & NON-NEGL. MANSLAUGHTER,BROOKLYN,40.693140904,-73.945859731
09/27/2016,18:30:00,MURDER & NON-NEGL. MANSLAUGHTER,QUEENS,40.732876229,-73.860333942
09/13/2016,00:42:00,MURDER & NON-NEGL. MANSLAUGHTER,BROOKLYN,40.657743089,-73.909136741
09/27/2016,09:35:00,MURDER & NON-NEGL. MANSLAUGHTER,BROOKLYN,40.672585871,-73.873261458
09/27/2016,00:37:00,MURDER & NON-NEGL. MANSLAUGHTER,BROOKLYN,40.662518015,-73.927011804
09/26/2016,17:45:00,MURDER & NON-NEGL. MANSLAUGHTER,BROOKLYN,40.641068098000005,-73.962469806
09/26/2016,14:23:00,MURDER & NON-NEGL. MANSLAUGHTER,MANHATTAN,40.820663494,-73.956385411
09/24/2016,04:40:00,MURDER & NON-NEGL. MANSLAUGHTER,QUEENS,40.693702669000004,-73.780915483
09/23/2016,13:50:00,MURDER & NON-NEGL. MANSLAUGHTER,MANHATTAN,40.819718656999996,-73.942389497
09/21/2016,15:11:00,MURDER & NON-NEGL. MANSLAUGHTER,BROOKLYN,40.671168243000004,-73.909688025
09/20/2016,20:56:00,MURDER & NON-NEGL. MANSLAUGHTER,BRONX,40.855961786,-73.839795807
09/20/2016,11:00:00,MURDER & NON-NEGL. MANSLAUGHTER,BRONX,40.830798914,-73.82694879600001
09/19/2016,22:17:00,MURDER & NON-NEGL. MANSLAUGHTER,BROOKLYN,40.686395734,-73.949095931
09/13/2016,23:53:00,MURDER & NON-NEGL. MANSLAUGHTER,BROOKLYN,40.672674098,-73.86168930699999
09/10/2016,23:42:00,MURDER & NON-NEGL. MANSLAUGHTER,QUEENS,40.726529377,-73.734864538
09/10/2016,22:12:00,MURDER & NON-NEGL. MANSLAUGHTER,QUEENS,40.675309538,-73.788052771
09/07/2016,19:40:00,MURDER & NON-NEGL. MANSLAUGHTER,BROOKLYN,40.653674996,-73.96278707
09/06/2016,22:23:00,MURDER & NON-NEGL. MANSLAUGHTER,BROOKLYN,40.673324484,-73.91539184
09/06/2016,01:28:00,MURDER & NON-NEGL. MANSLAUGHTER,BROOKLYN,40.719840334000004,-73.962400198
09/05/2016,04:14:00,MURDER & NON-NEGL. MANSLAUGHTER,BROOKLYN,40.663341242,-73.96017925
09/05/2016,03:49:00,MURDER & NON-NEGL. MANSLAUGHTER,BROOKLYN,40.663133396999996,-73.96243216100001
09/04/2016,01:00:00,MURDER & NON-NEGL. MANSLAUGHTER,BROOKLYN,40.640366106,-73.890520884
09/03/2016,21:25:00,MURDER & NON-NEGL. MANSLAUGHTER,QUEENS,40.70284629,-73.812428901
09/03/2016,18:23:00,MURDER & NON-NEGL. MANSLAUGHTER,MANHATTAN,40.832941761,-73.935432593
09/03/2016,04:02:00,MURDER & NON-NEGL. MANSLAUGHTER,BROOKLYN,40.675646399,-73.927184904
09/03/2016,04:02:00,MURDER & NON-NEGL. MANSLAUGHTER,BROOKLYN,40.675646399,-73.927184904
09/02/2016,19:30:00,MURDER & NON-NEGL. MANSLAUGHTER,BROOKLYN,40.628089722,-73.946103435
09/01/2016,22:27:00,MURDER & NON-NEGL. MANSLAUGHTER,BROOKLYN,40.674986972,-73.945849231
09/01/2016,12:29:00,MURDER & NON-NEGL. MANSLAUGHTER,BROOKLYN,40.615912856,-73.920737805
08/31/2016,21:15:00,MURDER & NON-NEGL. MANSLAUGHTER,QUEENS,40.710739715,-73.803872427
08/29/2016,12:20:00,MURDER & NON-NEGL. MANSLAUGHTER,BROOKLYN,40.639163716,-73.994427347
08/28/2016,03:40:00,MURDER & NON-NEGL. MANSLAUGHTER,BROOKLYN,40.673341037,-73.932083027
08/28/2016,02:23:00,MURDER & NON-NEGL. MANSLAUGHTER,BROOKLYN,40.69726035,-73.977462042
08/28/2016,02:11:00,MURDER & NON-NEGL. MANSLAUGHTER,BROOKLYN,40.643506043,-73.902615955
08/22/2016,01:15:00,MURDER & NON-NEGL. MANSLAUGHTER,BROOKLYN,40.629597831,-73.942942693
08/21/2016,01:33:00,MURDER & NON-NEGL. MANSLAUGHTER,BROOKLYN,40.595792272,-73.984064191
08/20/2016,23:44:00,MURDER & NON-NEGL. MANSLAUGHTER,MANHATTAN,40.819778814,-73.936720733
08/19/2016,18:07:00,MURDER & NON-NEGL. MANSLAUGHTER,QUEENS,40.689567810999996,-73.832478977
08/19/2016,16:13:00,MURDER & NON-NEGL. MANSLAUGHTER,BRONX,40.84711223,-73.91747681
08/17/2016,21:20:00,MURDER & NON-NEGL. MANSLAUGHTER,BRONX,40.836266064,-73.911328663
08/16/2016,20:14:00,MURDER & NON-NEGL. MANSLAUGHTER,BROOKLYN,40.67459999,-73.930574822
08/16/2016,22:24:00,MURDER & NON-NEGL. MANSLAUGHTER,BROOKLYN,40.659114761,-73.923216654
08/14/2016,04:38:00,MURDER & NON-NEGL. MANSLAUGHTER,BRONX,40.819596981,-73.91818654800001
08/14/2016,01:59:00,MURDER & NON-NEGL. MANSLAUGHTER,QUEENS,40.689819066999995,-73.831612927
08/14/2016,01:50:00,MURDER & NON-NEGL. MANSLAUGHTER,BROOKLYN,40.640790702,-73.932141379
08/13/2016,13:45:00,MURDER & NON-NEGL. MANSLAUGHTER,QUEENS,40.67941151,-73.858592765
08/13/2016,13:45:00,MURDER & NON-NEGL. MANSLAUGHTER,QUEENS,40.67941151,-73.858592765
08/12/2016,00:51:00,MURDER & NON-NEGL. MANSLAUGHTER,BROOKLYN,40.690654842,-73.90804256199999
08/11/2016,13:29:00,MURDER & NON-NEGL. MANSLAUGHTER,BRONX,40.818407371,-73.887507503
08/10/2016,00:31:00,MURDER & NON-NEGL. MANSLAUGHTER,BROOKLYN,40.674993193,-73.915234704
08/09/2016,21:03:00,MURDER & NON-NEGL. MANSLAUGHTER,BRONX,,
08/09/2016,01:08:00,MURDER & NON-NEGL. MANSLAUGHTER,BRONX,40.869301715,-73.889511247
08/08/2016,23:43:00,MURDER & NON-NEGL. MANSLAUGHTER,BRONX,40.805182009,-73.9186305
08/07/2016,09:15:00,MURDER & NON-NEGL. MANSLAUGHTER,BROOKLYN,40.660436625,-73.939773355
08/07/2016,01:30:00,MURDER & NON-NEGL. MANSLAUGHTER,BROOKLYN,40.674063439,-73.912535702
08/04/2016,20:21:00,MURDER & NON-NEGL. MANSLAUGHTER,BROOKLYN,40.668403866999995,-73.869286157
08/04/2016,19:50:00,MURDER & NON-NEGL. MANSLAUGHTER,BROOKLYN,40.623960368,-73.938282477
08/04/2016,01:46:00,MURDER & NON-NEGL. MANSLAUGHTER,STATEN ISLAND,40.64173826,-74.075678037
08/03/2016,22:18:00,MURDER & NON-NEGL. MANSLAUGHTER,BROOKLYN,40.649091471999995,-73.95577682300001
07/22/2016,12:00:00,MURDER & NON-NEGL. MANSLAUGHTER,QUEENS,40.750294976,-73.822805246
08/03/2016,02:05:00,MURDER & NON-NEGL. MANSLAUGHTER,BRONX,40.836843178,-73.850809958
08/02/2016,23:39:00,MURDER & NON-NEGL. MANSLAUGHTER,QUEENS,40.65381516,-73.853205037
08/02/2016,17:40:00,MURDER & NON-NEGL. MANSLAUGHTER,BRONX,40.842328579000004,-73.885739479
08/02/2016,01:08:00,MURDER & NON-NEGL. MANSLAUGHTER,BROOKLYN,40.68469984,-73.92474482600001
08/01/2016,19:15:00,MURDER & NON-NEGL. MANSLAUGHTER,QUEENS,40.736984449,-73.809998125
07/30/2016,07:20:00,MURDER & NON-NEGL. MANSLAUGHTER,QUEENS,40.738838819,-73.926700862
07/30/2016,01:20:00,MURDER & NON-NEGL. MANSLAUGHTER,BROOKLYN,40.681803475,-73.923789039
07/27/2016,23:40:00,MURDER & NON-NEGL. MANSLAUGHTER,QUEENS,40.764463103000004,-73.831774379
07/15/2016,04:03:00,MURDER & NON-NEGL. MANSLAUGHTER,BROOKLYN,40.67013835,-73.90892519399999
07/15/2016,04:03:00,MURDER & NON-NEGL. MANSLAUGHTER,BROOKLYN,40.67013835,-73.90892519399999
07/25/2016,21:37:00,MURDER & NON-NEGL. MANSLAUGHTER,QUEENS,40.692389705,-73.793764553
07/25/2016,05:05:00,MURDER & NON-NEGL. MANSLAUGHTER,BRONX,40.845984791,-73.907462791
07/25/2016,05:05:00,MURDER & NON-NEGL. MANSLAUGHTER,BRONX,40.845984791,-73.907462791
07/25/2016,02:44:00,MURDER & NON-NEGL. MANSLAUGHTER,BRONX,40.870142434,-73.86930540899999
07/23/2016,01:45:00,MURDER & NON-NEGL. MANSLAUGHTER,BRONX,40.831578538,-73.927697229
07/22/2016,19:19:00,MURDER & NON-NEGL. MANSLAUGHTER,BROOKLYN,40.618091468,-74.02785231600001
07/21/2016,06:00:00,MURDER & NON-NEGL. MANSLAUGHTER,BRONX,40.839739531,-73.913178032
07/21/2016,00:02:00,MURDER & NON-NEGL. MANSLAUGHTER,BROOKLYN,40.695140908,-73.975125947
07/20/2016,01:25:00,MURDER & NON-NEGL. MANSLAUGHTER,BROOKLYN,40.689111202,-73.945058895
07/19/2016,23:53:00,MURDER & NON-NEGL. MANSLAUGHTER,BRONX,40.819856355,-73.920140835
07/19/2016,20:17:00,MURDER & NON-NEGL. MANSLAUGHTER,BROOKLYN,40.67500776,-74.006577149
07/18/2016,12:12:00,MURDER & NON-NEGL. MANSLAUGHTER,QUEENS,40.672789843000004,-73.773651622
07/17/2016,04:11:00,MURDER & NON-NEGL. MANSLAUGHTER,QUEENS,40.764694063,-73.914348014
07/17/2016,02:17:00,MURDER & NON-NEGL. MANSLAUGHTER,BROOKLYN,40.651998977,-73.94486962100001
07/16/2016,02:17:00,MURDER & NON-NEGL. MANSLAUGHTER,BRONX,40.815720251,-73.864502585
07/15/2016,00:14:00,MURDER & NON-NEGL. MANSLAUGHTER,QUEENS,40.682140409,-73.826891092
07/10/2016,00:40:00,MURDER & NON-NEGL. MANSLAUGHTER,BROOKLYN,40.680536156,-73.957086365
07/09/2016,02:11:00,MURDER & NON-NEGL. MANSLAUGHTER,BRONX,40.88443116,-73.833004197
07/05/2016,02:05:00,MURDER & NON-NEGL. MANSLAUGHTER,MANHATTAN,40.801063787,-73.950481913
07/04/2016,14:40:00,MURDER & NON-NEGL. MANSLAUGHTER,QUEENS,40.682807656,-73.767816313
07/04/2016,02:53:00,MURDER & NON-NEGL. MANSLAUGHTER,BRONX,40.842271968,-73.905032007
07/04/2016,00:06:00,MURDER & NON-NEGL. MANSLAUGHTER,BROOKLYN,40.676152237,-73.89306867399999
07/03/2016,17:00:00,MURDER & NON-NEGL. MANSLAUGHTER,BROOKLYN,40.691103256999995,-73.91287755399999
07/03/2016,16:40:00,MURDER & NON-NEGL. MANSLAUGHTER,BRONX,40.814000554,-73.900780541
06/30/2016,19:02:00,MURDER & NON-NEGL. MANSLAUGHTER,BROOKLYN,40.620759553,-74.01054859899999
06/30/2016,02:27:00,MURDER & NON-NEGL. MANSLAUGHTER,BROOKLYN,40.670869804,-73.86317105
06/29/2016,22:48:00,MURDER & NON-NEGL. MANSLAUGHTER,BROOKLYN,40.675727746,-73.921495901
06/29/2016,21:45:00,MURDER & NON-NEGL. MANSLAUGHTER,BROOKLYN,40.66357893,-73.896646458
06/29/2016,21:17:00,MURDER & NON-NEGL. MANSLAUGHTER,BRONX,40.850660186999995,-73.908920209
06/26/2016,08:15:00,MURDER & NON-NEGL. MANSLAUGHTER,BROOKLYN,40.669788059,-73.958293685
06/26/2016,00:01:00,MURDER & NON-NEGL. MANSLAUGHTER,QUEENS,40.709186497,-73.81915607100001
06/23/2016,23:17:00,MURDER & NON-NEGL. MANSLAUGHTER,MANHATTAN,40.81725838,-73.94040458100001
06/23/2016,22:48:00,MURDER & NON-NEGL. MANSLAUGHTER,BROOKLYN,40.671025464,-73.906195082
06/23/2016,16:42:00,MURDER & NON-NEGL. MANSLAUGHTER,BRONX,40.872596004,-73.825563635
06/20/2016,16:52:00,MURDER & NON-NEGL. MANSLAUGHTER,BRONX,40.827871665,-73.864958422
06/19/2016,18:25:00,MURDER & NON-NEGL. MANSLAUGHTER,BRONX,40.860655553,-73.895006204
06/19/2016,14:26:00,MURDER & NON-NEGL. MANSLAUGHTER,BROOKLYN,40.680494853,-73.86709561100001
06/18/2016,03:27:00,MURDER & NON-NEGL. MANSLAUGHTER,BRONX,40.825100443000004,-73.89485635
06/17/2016,23:18:00,MURDER & NON-NEGL. MANSLAUGHTER,BRONX,40.847277155,-73.910442906
06/15/2016,22:27:00,MURDER & NON-NEGL. MANSLAUGHTER,BROOKLYN,40.666231521,-73.922538001
06/15/2016,18:21:00,MURDER & NON-NEGL. MANSLAUGHTER,BROOKLYN,40.69969571,-73.98169156899999
06/15/2016,18:12:00,MURDER & NON-NEGL. MANSLAUGHTER,QUEENS,40.786006915,-73.845738305
06/15/2016,17:54:00,MURDER & NON-NEGL. MANSLAUGHTER,BROOKLYN,40.680096471999995,-73.912556632
06/15/2016,06:40:00,MURDER & NON-NEGL. MANSLAUGHTER,BRONX,40.886052491,-73.8614443
06/12/2016,19:15:00,MURDER & NON-NEGL. MANSLAUGHTER,QUEENS,40.745435545999996,-73.864353209
06/12/2016,02:58:00,MURDER & NON-NEGL. MANSLAUGHTER,BROOKLYN,40.671411663,-73.88151172399999
06/11/2016,23:35:00,MURDER & NON-NEGL. MANSLAUGHTER,BRONX,40.820261474,-73.897877215
06/11/2016,22:15:00,MURDER & NON-NEGL. MANSLAUGHTER,BRONX,40.816805565,-73.90726130600001
06/11/2016,21:39:00,MURDER & NON-NEGL. MANSLAUGHTER,BRONX,40.846741539,-73.906482233
06/07/2016,21:04:00,MURDER & NON-NEGL. MANSLAUGHTER,BROOKLYN,40.684998930999996,-73.93844593
06/06/2016,21:34:00,MURDER & NON-NEGL. MANSLAUGHTER,BROOKLYN,40.693065804,-73.999543473
06/05/2016,04:48:00,MURDER & NON-NEGL. MANSLAUGHTER,BROOKLYN,40.670206898,-73.923942878
06/05/2016,00:36:00,MURDER & NON-NEGL. MANSLAUGHTER,BROOKLYN,40.679670066,-73.936136211
06/04/2016,05:50:00,MURDER & NON-NEGL. MANSLAUGHTER,BROOKLYN,40.708909009,-73.965804097
06/03/2016,01:52:00,MURDER & NON-NEGL. MANSLAUGHTER,MANHATTAN,40.722273155,-73.976342426
06/01/2016,22:38:00,MURDER & NON-NEGL. MANSLAUGHTER,BROOKLYN,40.696493892,-73.949430815
05/31/2016,17:56:00,MURDER & NON-NEGL. MANSLAUGHTER,BROOKLYN,40.637804468,-73.942377197
05/31/2016,01:39:00,MURDER & NON-NEGL. MANSLAUGHTER,BROOKLYN,40.670667775,-73.93233809
05/30/2016,21:44:00,MURDER & NON-NEGL. MANSLAUGHTER,BRONX,40.854120099,-73.888809888
05/29/2016,10:16:00,MURDER & NON-NEGL. MANSLAUGHTER,BROOKLYN,40.638614237,-73.948267625
05/29/2016,01:29:00,MURDER & NON-NEGL. MANSLAUGHTER,BRONX,40.852841995,-73.88417431
05/28/2016,06:58:00,MURDER & NON-NEGL. MANSLAUGHTER,BROOKLYN,40.685650525999996,-73.98048752300001
05/27/2016,05:30:00,MURDER & NON-NEGL. MANSLAUGHTER,BRONX,40.887313634,-73.847271758
05/26/2016,21:50:00,MURDER & NON-NEGL. MANSLAUGHTER,BRONX,40.829363293,-73.919045385
05/26/2016,04:10:00,MURDER & NON-NEGL. MANSLAUGHTER,QUEENS,40.605163421,-73.75484779899999
05/25/2016,22:15:00,MURDER & NON-NEGL. MANSLAUGHTER,MANHATTAN,40.734983188,-73.988054214
05/20/2016,07:38:00,MURDER & NON-NEGL. MANSLAUGHTER,STATEN ISLAND,40.638335307,-74.164483967
05/19/2016,19:17:00,MURDER & NON-NEGL. MANSLAUGHTER,QUEENS,40.684069625,-73.75818135
05/19/2016,17:04:00,MURDER & NON-NEGL. MANSLAUGHTER,BRONX,40.859639663,-73.86323458
05/19/2016,03:08:00,MURDER & NON-NEGL. MANSLAUGHTER,BROOKLYN,40.676064661,-74.00240969
05/04/2016,05:56:00,MURDER & NON-NEGL. MANSLAUGHTER,BRONX,40.81493989,-73.886592131
05/18/2016,23:51:00,MURDER & NON-NEGL. MANSLAUGHTER,BROOKLYN,40.655621161999996,-73.919937382
05/18/2016,19:35:00,MURDER & NON-NEGL. MANSLAUGHTER,BROOKLYN,40.642043072,-73.94960900699999
05/17/2016,01:37:00,MURDER & NON-NEGL. MANSLAUGHTER,BRONX,40.844350414000004,-73.815105671
05/14/2016,10:27:00,MURDER & NON-NEGL. MANSLAUGHTER,STATEN ISLAND,40.5580167,-74.130417978
05/14/2016,05:25:00,MURDER & NON-NEGL. MANSLAUGHTER,BROOKLYN,40.654952417,-73.958000222
05/12/2016,22:09:00,MURDER & NON-NEGL. MANSLAUGHTER,BROOKLYN,40.637223031,-73.91262722399999
05/11/2016,22:50:00,MURDER & NON-NEGL. MANSLAUGHTER,BRONX,40.841694933,-73.911108193
05/11/2016,19:02:00,MURDER & NON-NEGL. MANSLAUGHTER,BRONX,40.868587481,-73.88331168100001
05/11/2016,05:05:00,MURDER & NON-NEGL. MANSLAUGHTER,BRONX,40.818413984,-73.907277131
05/09/2016,20:40:00,MURDER & NON-NEGL. MANSLAUGHTER,BRONX,40.857082061999996,-73.901352508
05/08/2016,02:28:00,MURDER & NON-NEGL. MANSLAUGHTER,BROOKLYN,40.671411663,-73.88151172399999
05/08/2016,00:43:00,MURDER & NON-NEGL. MANSLAUGHTER,BROOKLYN,40.689491039,-73.908018925
05/07/2016,23:15:00,MURDER & NON-NEGL. MANSLAUGHTER,BRONX,40.817755155,-73.91801901
05/06/2016,21:13:00,MURDER & NON-NEGL. MANSLAUGHTER,QUEENS,40.696979876,-73.792740591
05/03/2016,10:00:00,MURDER & NON-NEGL. MANSLAUGHTER,BRONX,40.836678228000004,-73.915596087
05/02/2016,10:22:00,MURDER & NON-NEGL. MANSLAUGHTER,BROOKLYN,40.578510134,-73.934900975
04/29/2016,10:30:00,MURDER & NON-NEGL. MANSLAUGHTER,BROOKLYN,40.663996333,-73.893848712
04/28/2016,04:14:00,MURDER & NON-NEGL. MANSLAUGHTER,BRONX,40.861063085,-73.893447414
04/27/2016,22:00:00,MURDER & NON-NEGL. MANSLAUGHTER,BRONX,40.820411063,-73.893331855
04/26/2016,11:49:00,MURDER & NON-NEGL. MANSLAUGHTER,BROOKLYN,40.699837274000004,-73.913089739
04/24/2016,15:08:00,MURDER & NON-NEGL. MANSLAUGHTER,BRONX,40.872845399,-73.898794425
04/23/2016,06:44:00,MURDER & NON-NEGL. MANSLAUGHTER,BRONX,40.835577916999995,-73.908803531
04/21/2016,15:22:00,MURDER & NON-NEGL. MANSLAUGHTER,BROOKLYN,40.689097532,-73.925616087
04/19/2016,22:40:00,MURDER & NON-NEGL. MANSLAUGHTER,BROOKLYN,40.686082215,-73.919233753
04/19/2016,01:03:00,MURDER & NON-NEGL. MANSLAUGHTER,BRONX,40.869588539,-73.900050398
04/18/2016,06:17:00,MURDER & NON-NEGL. MANSLAUGHTER,MANHATTAN,40.847688805,-73.934930327
04/17/2016,22:32:00,MURDER & NON-NEGL. MANSLAUGHTER,BRONX,40.816366145,-73.86762631100001
04/17/2016,02:11:00,MURDER & NON-NEGL. MANSLAUGHTER,MANHATTAN,40.801392385999996,-73.93271089
04/16/2016,05:45:00,MURDER & NON-NEGL. MANSLAUGHTER,QUEENS,40.703499897,-73.76749538600001
04/15/2016,01:00:00,MURDER & NON-NEGL. MANSLAUGHTER,MANHATTAN,40.740824511,-73.97426085800001
04/15/2016,00:02:00,MURDER & NON-NEGL. MANSLAUGHTER,MANHATTAN,40.833450977,-73.943407506
04/14/2016,22:44:00,MURDER & NON-NEGL. MANSLAUGHTER,MANHATTAN,40.727606514,-73.97781979
04/14/2016,02:34:00,MURDER & NON-NEGL. MANSLAUGHTER,STATEN ISLAND,40.636818966999996,-74.118653127
04/13/2016,22:55:00,MURDER & NON-NEGL. MANSLAUGHTER,BROOKLYN,40.665114175999996,-73.89167337800001
04/12/2016,01:15:00,MURDER & NON-NEGL. MANSLAUGHTER,MANHATTAN,40.783898154,-73.950285241
04/10/2016,00:05:00,MURDER & NON-NEGL. MANSLAUGHTER,BRONX,40.816068266,-73.908552085
04/09/2016,03:03:00,MURDER & NON-NEGL. MANSLAUGHTER,QUEENS,40.739095849,-73.896774703
04/08/2016,22:13:00,MURDER & NON-NEGL. MANSLAUGHTER,BRONX,40.857418359,-73.893706303
04/04/2016,09:10:00,MURDER & NON-NEGL. MANSLAUGHTER,BROOKLYN,40.661821983,-73.996479956
03/18/2016,02:58:00,MURDER & NON-NEGL. MANSLAUGHTER,BRONX,40.811112268,-73.906344446
04/03/2016,05:50:00,MURDER & NON-NEGL. MANSLAUGHTER,BROOKLYN,40.658196944000004,-73.958538808
04/01/2016,23:40:00,MURDER & NON-NEGL. MANSLAUGHTER,BROOKLYN,40.574825477,-73.99092661
04/01/2016,14:10:00,MURDER & NON-NEGL. MANSLAUGHTER,MANHATTAN,40.725980641,-73.99080140699999
03/25/2016,16:45:00,MURDER & NON-NEGL. MANSLAUGHTER,MANHATTAN,40.796341237,-73.94119981600001
03/24/2016,18:11:00,MURDER & NON-NEGL. MANSLAUGHTER,STATEN ISLAND,40.633486765,-74.163427185
03/24/2016,18:11:00,MURDER & NON-NEGL. MANSLAUGHTER,STATEN ISLAND,40.633486765,-74.163427185
03/24/2016,17:07:00,MURDER & NON-NEGL. MANSLAUGHTER,BROOKLYN,40.67432526,-73.888388621
03/07/2016,07:50:00,MURDER & NON-NEGL. MANSLAUGHTER,BRONX,40.812190348,-73.924206908
03/19/2016,01:50:00,MURDER & NON-NEGL. MANSLAUGHTER,QUEENS,40.673567651999996,-73.807384888
03/17/2016,15:00:00,MURDER & NON-NEGL. MANSLAUGHTER,BRONX,40.823180031999996,-73.866536043
03/16/2016,20:53:00,MURDER & NON-NEGL. MANSLAUGHTER,MANHATTAN,40.802620306,-73.951087574
03/16/2016,19:44:00,MURDER & NON-NEGL. MANSLAUGHTER,MANHATTAN,40.766406832,-73.968377423
03/14/2016,14:39:00,MURDER & NON-NEGL. MANSLAUGHTER,BROOKLYN,40.631766311999996,-73.887299705
03/13/2016,22:07:00,MURDER & NON-NEGL. MANSLAUGHTER,BRONX,40.880398548,-73.863853651
03/13/2016,20:23:00,MURDER & NON-NEGL. MANSLAUGHTER,BROOKLYN,40.64480152,-74.005269715
03/12/2016,12:20:00,MURDER & NON-NEGL. MANSLAUGHTER,STATEN ISLAND,40.586104414,-74.162630773
03/11/2016,20:45:00,MURDER & NON-NEGL. MANSLAUGHTER,QUEENS,40.692830900000004,-73.758149574
03/10/2016,23:30:00,MURDER & NON-NEGL. MANSLAUGHTER,BROOKLYN,40.671657216999996,-73.958198788
03/10/2016,02:06:00,MURDER & NON-NEGL. MANSLAUGHTER,STATEN ISLAND,40.590091840999996,-74.094684252
03/09/2016,21:57:00,MURDER & NON-NEGL. MANSLAUGHTER,MANHATTAN,40.851111636,-73.935255912
03/09/2016,04:20:00,MURDER & NON-NEGL. MANSLAUGHTER,MANHATTAN,40.860928316,-73.920308429
03/06/2016,19:20:00,MURDER & NON-NEGL. MANSLAUGHTER,QUEENS,40.699693597,-73.766488035
03/06/2016,14:55:00,MURDER & NON-NEGL. MANSLAUGHTER,QUEENS,40.768940729,-73.911443572
03/05/2016,01:45:00,MURDER & NON-NEGL. MANSLAUGHTER,QUEENS,40.745222604,-73.91045017
03/04/2016,06:01:00,MURDER & NON-NEGL. MANSLAUGHTER,BRONX,40.820979933000004,-73.849642388
03/04/2016,00:13:00,MURDER & NON-NEGL. MANSLAUGHTER,STATEN ISLAND,40.600205912,-74.121501323
03/01/2016,20:00:00,MURDER & NON-NEGL. MANSLAUGHTER,BRONX,40.853587401,-73.900591356
02/25/2016,17:10:00,MURDER & NON-NEGL. MANSLAUGHTER,BROOKLYN,40.667629873,-73.896254478
02/22/2016,16:20:00,MURDER & NON-NEGL. MANSLAUGHTER,BRONX,40.810328321,-73.91476613
02/21/2016,22:03:00,MURDER & NON-NEGL. MANSLAUGHTER,STATEN ISLAND,40.608883423,-74.08315718899999
02/17/2016,15:00:00,MURDER & NON-NEGL. MANSLAUGHTER,STATEN ISLAND,40.636744136,-74.134282972
02/16/2016,19:20:00,MURDER & NON-NEGL. MANSLAUGHTER,BROOKLYN,40.685077953000004,-73.927993087
02/15/2016,21:20:00,MURDER & NON-NEGL. MANSLAUGHTER,BROOKLYN,40.637483796,-74.00749944
02/15/2016,18:50:00,MURDER & NON-NEGL. MANSLAUGHTER,BROOKLYN,40.65149337,-73.924533616
02/13/2016,17:45:00,MURDER & NON-NEGL. MANSLAUGHTER,BROOKLYN,40.642006611999996,-73.9017029
02/13/2016,03:00:00,MURDER & NON-NEGL. MANSLAUGHTER,MANHATTAN,40.817503461,-73.941975939
02/11/2016,21:39:00,MURDER & NON-NEGL. MANSLAUGHTER,BROOKLYN,40.662692805,-73.88830716
02/10/2016,08:54:00,MURDER & NON-NEGL. MANSLAUGHTER,STATEN ISLAND,40.608391809000004,-74.14661153
02/10/2016,08:54:00,MURDER & NON-NEGL. MANSLAUGHTER,STATEN ISLAND,40.608391809000004,-74.14661153
02/10/2016,08:54:00,MURDER & NON-NEGL. MANSLAUGHTER,STATEN ISLAND,40.608391809000004,-74.14661153
02/08/2016,02:21:00,MURDER & NON-NEGL. MANSLAUGHTER,BRONX,40.853064489,-73.868944957
02/05/2016,21:35:00,MURDER & NON-NEGL. MANSLAUGHTER,QUEENS,40.750331537,-73.792130675
02/05/2016,19:15:00,MURDER & NON-NEGL. MANSLAUGHTER,BRONX,40.827668623,-73.925435892
01/20/2016,16:35:00,MURDER & NON-NEGL. MANSLAUGHTER,BROOKLYN,40.706860328000005,-73.948196631
01/27/2016,23:40:00,MURDER & NON-NEGL. MANSLAUGHTER,MANHATTAN,40.803393591,-73.93814501199999
01/27/2016,10:50:00,MURDER & NON-NEGL. MANSLAUGHTER,QUEENS,40.596213981999995,-73.764700204
01/24/2016,16:07:00,MURDER & NON-NEGL. MANSLAUGHTER,BRONX,40.811393119,-73.922314872
01/23/2016,19:54:00,MURDER & NON-NEGL. MANSLAUGHTER,BROOKLYN,40.644590276,-74.001900465
01/22/2016,09:07:00,MURDER & NON-NEGL. MANSLAUGHTER,BROOKLYN,40.684792115,-73.878556569
01/21/2016,20:30:00,MURDER & NON-NEGL. MANSLAUGHTER,BRONX,40.857922634,-73.892895732
01/10/2016,22:06:00,MURDER & NON-NEGL. MANSLAUGHTER,BROOKLYN,40.676231908000005,-74.006944997
01/17/2016,21:17:00,MURDER & NON-NEGL. MANSLAUGHTER,BROOKLYN,40.576124128000004,-73.99982505
01/16/2016,15:15:00,MURDER & NON-NEGL. MANSLAUGHTER,BROOKLYN,40.661079525,-73.894822924
01/16/2016,00:40:00,MURDER & NON-NEGL. MANSLAUGHTER,STATEN ISLAND,40.606404745999995,-74.120479003
01/14/2016,14:36:00,MURDER & NON-NEGL. MANSLAUGHTER,STATEN ISLAND,40.548991392,-74.230271459
01/13/2016,14:48:00,MURDER & NON-NEGL. MANSLAUGHTER,BROOKLYN,40.66475956,-73.894042144
01/11/2016,13:29:00,MURDER & NON-NEGL. MANSLAUGHTER,BROOKLYN,40.679907551999996,-73.920784329
01/11/2016,09:08:00,MURDER & NON-NEGL. MANSLAUGHTER,BROOKLYN,40.68190669,-73.89458817
01/11/2016,07:40:00,MURDER & NON-NEGL. MANSLAUGHTER,QUEENS,40.676487297,-73.837065184
01/10/2016,03:32:00,MURDER & NON-NEGL. MANSLAUGHTER,BROOKLYN,40.683276253,-73.930623478
01/09/2016,23:22:00,MURDER & NON-NEGL. MANSLAUGHTER,BROOKLYN,40.66156215,-73.925945955
01/06/2016,08:21:00,MURDER & NON-NEGL. MANSLAUGHTER,BROOKLYN,40.674601815,-73.938614149
01/04/2016,11:00:00,MURDER & NON-NEGL. MANSLAUGHTER,BRONX,40.873601668,-73.84560379199999
01/04/2016,04:25:00,MURDER & NON-NEGL. MANSLAUGHTER,BRONX,40.883927913,-73.90132352399999
01/01/2016,22:55:00,MURDER & NON-NEGL. MANSLAUGHTER,QUEENS,40.687140512,-73.856146091
