last3,first3
Sanyal,Kleiner
Bacon,Brunt
Rizzetto,Marchesini
Caldwell,Neuschwander-Tetri
Larter,Farrell
Clore,Sanyal
Kechagias,Ekstedt
Lindor,Angulo
Younossi,Vernon
Sheridan,Saadeh
Salizzoni,Bugianesi
O'Brien,Dixon
Poynard,Ratziu
Flavell,Henao-Mejia
Harrison,Williams
Fung,George
Lemasters,Jaeschke
Driscoll,Caldwell
Moschen,Tilg
George,Hui
Harrison,Starley
Brunt,Brunt
Bacon,Neuschwander-Tetri
Gores,Feldstein
Hoofnagle,Promrat
Robertson,Leclercq
Farrell,Chitturi
Powell,George
Rizzetto,Cavallo-Perin
Clark,Clark
Marchesini,Ratziu
O'Brien,Dixon
Zein,Ascha
Pagano,Musso
Chopra,Sheth
Grieco,Miele
Wing,Promrat
Colin,Lindor
Diehl,Yamaguchi
Sanyal,Puri
McGill,Laurin
Liddle,Weltman
Feldstein,Wieckowska
Lavine,Lavine
Lee,Lee
Schenker,Harrison
Dierkhising,Charlton
Pons-Romero,Crespo
Pagano,Musso
Reid,Reid
Lavine,Schwimmer
Thuluvath,Poonawala
Robuck,Lavine
Day,Anstee
Brunt,Brunt
Bedogni,Bellentani
Younossi,Rafiq
Deugnier,Mendler
Neuschwander-Tetri,Neuschwander-Tetri
Bedossa,Paradis
Pirola,Sookoian
Fromenty,Begriche
Hultcrantz,S̈oderberg
Chalasani,Vuppalanchi
McClain,Kugelmas
Wymer,Younossi
Sanyal,Loomba
Solis-Herruzo,Pérez-Carreras
Pasparakis,Luedde
Song,Shi
Poynard,Ratziu
Nolte,Plauth
Neuschwander-Tetri,Brunt
Lindor,Abdelmalek
Global,Speliotes
Sheppard,Caldwell
Nakamura,Yokohama
McCullough,Feldstein
Hayashi,Harrison
Day,de
Webber,Aithal
Strasberg,Fernandez
George,Hui
Palmeira,Rolo
Fargion,Fracanzani
Mills,Sanyal
Bendtsen,Angulo
Sanyal,Cheung
Parker,Caldwell
McCullough,McCullough
Ahmed,Wong
Wright,Monto
Banner,Bonkovsky
Conjeevaram,Huang
Tilg,Kaser
Gill,Zhu
Chung,Oh
Pagano,Musso
Day,James
Feldstein,Wieckowska
Riely,Willner
Younossi,Ong
Le,Bekri
Seki,Miura
Wakasa,Seki
Mills,Sanyal
Ludwig,Shimada
Diehl,Abdelmalek
Shapiro,Mudaliar
Caldwell,Argo
Feldstein,Wieckowska
Sanyal,Puri
Sanyal,Contos
Svegliati-Baroni,Vanni
Chan,Wong
Bansal,Friedman
Lindor,Sorbi
Farrell,Robertson
Lustig,Lim
Aukrust,Haukeland
DeCarli,Lieber
Cortez-Pinto,Machado
George,Chitturi
Diehl,Michelotti
Hofker,Wouters
McCullough,McCullough
Tiribelli,Marra
Kaneko,Matsuzawa
Younossi,Jarrar
Rodrigues,Ribeiro
Bedossa,Naveau
El-Serag,White
Mccullough,Sanyal
Younossi,Ong
Nakajima,Yoneda
Clouston,Richardson
Maratos-Flier,Dushay
Scheen,Luyckx
Sanyal,Zivkovic
Lindor,Lazaridis
Diehl,Jou
Sanyal,Puri
Crabb,Chalasani
Szabo,Csak
Crabb,Chalasani
Liang,Rotman
Bailey,Mantena
Fromenty,Pessayre
Pattou,Mathurin
Kroemer,Brenner
Nair,Charlton
Canbay,Ertle
Hibi,Tomita
Day,Burt
Gambino,Musso
Pirola,Sookoian
Borlak,Anderson
Kowdley,Neuschwander-Tetri
Ibdah,Rector
De,Cortez-Pinto
McCullough,Younossi
Mohanty,Lewis
Neuschwander-Tetri,Tetri
Nelson,Chan
Diehl,Diehl
Goodman,Younossi
McCullough,Younossi
Zimmermann,Dufour
Batts,Charlton
Loomba,Singh
Pirola,Sookoian
Byrne,Bruce
Yeh,Larter
Nightingale,Palmeri
Fukusato,Takahashi
Jacob,Wang
Quigley,Abu-Shanab
Sattar,Preiss
George,Hebbard
Green,Rinella
Ehman,Chen
George,Chitturi
Dagalp,Uygun
Feldstein,Wieckowska
Lindor,Adams
McClain,Cave
Younossi,Ong
Paletas,Paschos
Casini,Svegliati-Baroni
Allard,Mouzaki
Hoofnagle,Lutchman
Pagano,Musso
Yki-Järvinen,Yki-Järvinen
Chopra,Sass
Wittington,Sahai
Boparai,Ong
Romero-Gomez,Vilar-Gomez
Bass,Merriman
Poynard,Ratziu
#VALUE!,Gupte
Baranova,Younossi
Kotler,Gholam
Fiorelli,Fargion
Marino,Bellentani
Lavine,Patton
Tacke,Marra
Gastaldelli,Svegliati-Baroni
Brunt,Yeh
Mobarhan,Mehta
Onishi,Namikawa
Chitturi,Farrell
Causse,Poynard
Ahmed,Wong
Mccullough,Zein
Pessayre,Fromenty
Omary,Zatloukal
Farrell,Farrell
Yodoi,Sumida
Yates,Brunt
Velagić,Duvnjak
Tacke,Baeck
Lindor,Ludwig
Tiniakos,Brunt
Berenguer,Ortiz
Lonardo,Nascimbeni
Nelson,Kowdley
Shiratori,Yatsuji
Shibata,Nagasawa
Lavine,Loomba
Karin,Sun
Shiratori,Hashimoto
Memik,Kiyici
Feldstein,Wree
Pessayre,Pessayre
Anstee,McPherson
Aoyama,Tanaka
Sarin,Satapathy
Newsome,Dowman
Ibdah,Wei
Nakajima,Yoneda
Onishi,Hirose
Schenker,Harrison
Ratziu,Pais
Tiengo,Tessari
McClain,Joshi-Barve
Bugianesi,Bugianesi
Pagano,Musso
Lieber,Lieber
Hayashi,Harrison
Okanoue,Yasui
Rotter,Chalasani
Nobili,Valenti
Younossi,Mulhall
Malaguarnera,Malaguarnera
Chitturi,Farrell
Park,Caldwell
Wiesner,Kim
Uribe,Chavez-Tapia
García-Ruiz,Caballero
Pons-Romero,Guerra
Gorden,Javor
Moreno-Otero,Medina
Seki,Miura
Seeley,Kohli
Day,Day
Bast,Koek
Harrison,Nelson
Farrell,Farrell
Swobodnik,Leuschner
Kaneko,Ota
Yang,Diehl
Lucey,Burke
Thiele,Browning
Clement,Bedossa
Ahmed,Byrne
Camilo,Cortez-Pinto
Szabo,Velayudham
Polotsky,Savransky
Onji,Toshimitsu
Galvano,Malaguarnera
Spénard,Ratziu
Nonalcoholic,Patton
Angulo,Adams
Harrison,Barker
Charlton,Sreekumar
le,de
Brown,Setji
Boparai,Ong
Schwabe,Luedde
Hayashi,Kamada
Clements,Abrams
De,Kirsch
Harrison,Molloy
Marchesini,Bugianesi
Kiyosawa,Umemura
Chandhoke,Younossi
Staels,Pawlak
George,Angulo
Milburn,Kalhan
McCuskey,Farrell
Schwimmer,Kistler
Neuschwander-Tetri,Neuschwander-Tetri
Flum,Beymer
García-Monzón,Miquilena-Colina
Farrell,Van
Fromenty,Begriche
Adams,Smith
Ishibashi,Abiru
Everhart,Ruhl
Saibara,Eguchi
Bailey,Mantena
Srishord,Younossi
Oren,Zelber-Sagi
Poynard,Ratziu
Lindor,Abdelmalek
Harnish,Zhang
Diehl,Nair
Shapiro,Adorini
Feldstein,Carter-Kent
Chayama,Hyogo
Day,Targher
Feldstein,Carter-Kent
Santucci,Fiorucci
Nak,Yilmaz
Harrison,Palekar
Coffin,Sabaté
Zeller,Inge
Hespenheide,Caldwell
Van,Coulon
Chan,Wong
Whitington,Sahai
Cassader,Musso
Hoofnagle,Loomba
Day,Day
Wang,Zou
Choudhuri,Baba
Abrams,Kunde
Shiota,Wanless
Valenti,Dongiovanni
Li,Ma
Neumeier,Buechler
Cusi,Gastaldelli
Mulder,Schreuder
Sirlin,Tang
Hahn,Tosello-Trampont
Loomba,Boettcher
Gores,Charlton
Cherrington,Fisher
Thummel,Emery
Pagliassotti,Gentile
Nielsen,Mardinoglu
Wong,Kwok
Kountouras,Polyzos
Ahmad,Malik
Carrilho,Furuya
Considine,Chalasani
Anstee,Liu
Loomba,Permutt
Diehl,Syn
Farrell,Larter
Conjeevaram,Kang
Camilo,Tavares
Bacon,Bacon
Bass,Loomba
Harrison,Torres
Diehl,Witek
Tazuma,Hyogo
Karakok,Koruk
Okanoue,Kawaguchi
Diehl,Syn
Szabo,Dolganiuc
Polotsky,Savransky
Gual,Anty
Bernroider,Roden
Forlani,Marchesini
Wiesner,Singal
Song,Abdelmegeed
Nobili,Manco
Saito,Sakugawa
Prieto,Berasain
Sarin,Satapathy
Sanyal,Choudhury
Rodrigues,Castro
Canbay,Wree
O'Brien,Dixon
Kaplowitz,Ji
Okita,Kawaguchi
Lindor,Nehra
Sookoian,Pirola
Beland,Pogribny
Barghout,Sanyal
Heathcote,Allard
Kilic,Sabuncu
Hanf,Staels
Kowdley,Roth
Tokushige,Hashimoto
Farrell,Larter
Lieber,Lieber
Bacon,Neuschwander-Tetri
Keeffe,Yu
Shapiro,Pockros
Gallegos-Orozco,Ratziu
Nakajima,Imajo
Keshavarzian,Farhadi
Takase,Shimada
Day,Targher
Diehl,Diehl
McCullough,Youssef
Chan,De
Fromenty,Aubert
Shiratori,Tokushige
Farrell,Chitturi
Khettry,Ayata
Lindahl,Robins
Tsochatzis,Buzzetti
Staels,Tailleux
Tacke,Heymann
Cassader,Musso
Bojunga,Friedrich-Rust
Altomare,Serviddio
Cotler,Kallwitz
Bacon,Brunt
Angulo,Castera
Wong,Shen
Feldstein,Alkhouri
Hazen,Feldstein
Younossi,Hossain
Hayashi,Kamada
Younossi,Kim
Fukui,Kitade
Chait,Subramanian
Szabo,Csak
Portincasa,Krawczyk
Cassader,Musso
Vancica,Georgescu
Tio,Cusi
Konturek,Konturek
Hayes,Chowdhry
Horsmans,Stärkel
Valverde,González-Rodríguez
Chojkier,Sanyal
Heikenwalder,Wolf
Karin,Nakagawa
Schattenberg,Schuppan
Yamanouchi,Nomura
Bantel,Joka
Tomita,Kawada
Naserimoghadam,Merat
Mathurin,Lassailly
Waljee,Singal
Ma,Tang
Kawada,Otogawa
Malaguarnera,Malaguarnera
Chalasani,Masuoka
Song,Abdelmegeed
Jacob,Wang
Mavromichalis,Papandreou
Sookoian,Pirola
Loomba,Le
Galvano,Malaguarnera
Vecchione,Tarantino
Hofker,Shiri-Sverdlov
Arrese,Boza
Todd,Langman
Malet,Kumar
Diehl,Boursier
Colecchia,Festi
Argo,Caldwell
Younossi,Younossi
Cassader,Musso
Roden,Koliaki
Yilmaz,Yilmaz
Busuttil,Agopian
Merriman,Campos
Younossi,Mishra
Chiesa,Pacifico
Seki,Miura
Diehl,Syn
Clavien,McCormack
Cherrington,Hardwick
Chayama,Kimura
Davis,Yalamanchili
Cusi,Cusi
Persico,Masarone
Byrne,Scorletti
Marcellin,Bedossa
Younossi,Gramlich
Gual,Bertola
Serfaty,Lemoine
Chalasani,Lee
Vecchione,Sorrentino
Feldstein,Diab
Nobili,Manco
Torok,Seo
Brabant,Tacke
Richards,Loomba
Dimick-Santos,Sanyal
Hancock,Lisjak
Feldstein,Tamimi
Nadeau,Hill-Baskin
Guo,Kong
Kowdley,Liou
Ferguson,Younossi
Batteux,Laurent
Ioannou,Savard
Schwimmer,Dunn
Gonzalez,Tanaka
Czaja,Amir
Lavine,Patton
Nakajima,Yoneda
Westman,Tendler
Sanyal,Ramesh
Luyckx,Scheen
Cavallo,Barchetta
Nakajima,Fujita
Lee,Myoung
Abrams,Liu
Green,Koppe
Itoh,Sumida
Vajro,Nobili
Watanabe,Endo
Friedman,Rahman
Delzenne,Daubioul
Petrasek,Szabo
Yamamoto,Takaki
Koo,Koo
Okanoue,Sumida
Müller,Duval
Buurman,Rensen
Burt,Yip
Denk,Zatloukal
Gores,Higuchi
Xu,Ye
Hadengue,Dumortier
Ünalp,Chalasani
Angelico,Lirussi
Brunt,Brunt
Carulli,Loria
Raiford,Washington
Seki,Roh
Tilg,Moschen
Beland,Pogribny
Tonascia,Chalasani
Makuuchi,Khan
Poordad,Oh
Merriman,Krasnoff
Pons-Romero,Cuadrado
Bass,Bambha
Harrison,Torres
Nagy,Chiang
Quigley,Shanab
Yamanouchi,Kawasaki
Benhamou,Ingiliz
Muggeo,Targher
Shah,Prashanth
McCullough,McCullough
Musso,Gambino
Varma,Molloy
Mantzoros,Polyzos
Kunos,Liu
Sanyal,Sanyal
Wang,Wang
Lirussi,Angelico
Ronis,Baumgardner
Diehl,Diehl
Sanyal,Ratziu
Feldstein,Zein
Tsung,Reddy
Mato,Barr
Onji,Michitaka
Archimandritis,Tsochatzis
Regev,Bhagat
Björnsson,Friis-Liby
Bacon,Harrison
Monga,Monga
Brunt,Yeh
Chan,Wong
Kumada,Kawamura
Chonchol,Targher
Wang,Wang
Georgescu,Georgescu
Marzocchi,Marchesini
Portillo-Sanchez,Cusi
Watts,Sahebkar
George,Mahady
Hibi,Tomita
Kanatani,Ito
Younossi,Baranova
Hellerbrand,Dietrich
Canbay,Bechmann
Kawada,Fujii
Chojkier,Ratziu
Wang,Xu
Sugiyama,Kudo
Chalasani,Vuppalanchi
Hoofnagle,Lutchman
Okita,Shen
Chandhoke,Younossi
Nash,Rainger
Feldstein,Wree
Clouston,Gadd
Hahn,Labonte
Herkel,Peiseler
Rinella,van
McCullough,Zein
Conjeevaram,Rakoski
Shiratori,Hashimoto
Chalasani,Liangpunsakul
Bacon,Neuschwander-Tetri
Goergens,Hallier
Cassard-Doulcier,Leroux
de,Souza
Baranova,Younossi
Younossi,Estep
Harrison,Page
Capeau,Capeau
Gambino,Musso
Obermeier,Gäbele
Brock,Cave
Redick,Caldwell
Martínez-Chantar,Varela-Rey
Kowdley,Nelson
Clavien,Nocito
Sartor,Goldsmith
Bugianesi,Bhala
Taguchi,Murakami
Kirwan,Pagadala
Day,Anstee
Goldin,Anstee
García-Ruiz,Caballero
Shiri-Sverdlov,Bieghs
Cusi,Ali
Dhawan,Marion
Cusi,Portillo-Sanchez
Cortez-Pinto,Machado
Correig,Vinaixa
Omata,Ohki
Szajewska,Socha
Onishi,Dong
Sanyal,Ramesh
Berk,Bradbury
Idle,Beyoǧlu
Sentürk,Basaranoglu
Roth,Trevaskis
Salles,Leite
Leclercq,Starkel
Sekine,Hotta
Maniu,Lupşor
Nouso,Takuma
Yoshikawa,Mitsuyoshi
Sahin,Bahcecioglu
Palasciano,Portincasa
Fernández-Rãada,Tomás
Freitas,Cotrim
Chan,Wong
Daly,Al-Serri
Galle,Schattenberg
Brunt,Brunt
Wands,De
De,Tong
Yoneda,Yokohama
Valenti,Dongiovanni
Cusi,Lomonaco
Itoh,Okanoue
Hadjiyannakis,Stratopoulos
George,Chitturi
Hayashi,Shimada
Diehl,Guy
Newsome,Dowman
Chihara,Takahashi
Ilan,Elinav
Fernandez-Checa,Garcia-Ruiz
Nakamuta,Sugimoto
Chalasani,Vuppalanchi
Jakate,Cotler
Koek,Te
Murr,Shalhub
Sanyal,Satapathy
Weinman,Singal
Cherrington,Lake
Chen,Nakano
Nagata,Sakaguchi
Buldak,Kukla
Ye,Cong
Gershwin,Nakanishi
Younossi,Bondini
Inge,Xanthakos
Pagano,Cassader
Park,Lee
Hibi,Tomita
Valenti,Dongiovanni
Gaudio,Nobili
Ioannou,Afzali
Davidson,Kerr
Wilson,Sung
Sedger,Farrell
Younossi,Nugent
George,London
Serfaty,Lemoine
Yoshida,Murata
Lindor,Ali
Luedde,Gautheron
Rinella,Vanwagner
Mccullough,Mccullough
Tran,Anty
Nobili,Alisi
Chalasani,Bell
Diehl,Syn
Hart,Mohanty
Younossi,Mishra
Cherrington,Lickteig
Murakami,Tsuda
McCullough,Youssef
Younossi,Stepanova
Nobili,Giorgio
Cassader,Gambino
De,Lyn-Cook
Altomare,Serviddio
Loria,Lonardo
Shiratori,Yoshioka
Peterson,Le
Green,Green
Janiec,Spaulding
Xue,Wang
Albano,Sutti
Yoshikawa,Sumida
Targher,Lonardo
Müller,De
Tran,Anty
Li,Salamone
Pinzani,Schuppan
Feldstein,Adams
Hellerbrand,Dorn
Younossi,Lam
Loomba,Stein
Ohnishi,Asano
Younossi,Kim
Chayama,Iwamoto
Bhansali,Duseja
Kocer,Baskol
Farrell,Chan
Marcellini,Nobili
Hespenheide,Caldwell
Beckerman,Younossi
Shulman,Perry
Allard,Schwenger
Fallon,Pan
Mehal,Mehal
Shimano,Matsuzaka
Schuppan,Kornek
Cusi,Gastaldelli
Lonardo,Loria
Kerkar,Kerkar
Skoien,Peverill
Gorden,Safar
Tonascia,Hoofnagle
Gambino,Musso
Rinella,McCarthy
Singer,Shapiro
Weiner,Weiner
Takei,Fujita
Lindor,Charlton
Carrilho,de
Pitt,Pitt
Vidal-Puig,Lelliott
Aramin,Eslami
Yoneyama,Fujii
Ilan,Ilan
Harrison,Torres
Montoliu,Felipo
Schuppan,Schattenberg
Alberti,Sebastiani
Diehl,Rangwala
Stein,Kashyap
Sarr,Charlton
Ramalho,Ramalho
Roberts,Roberts
Pons-Romero,Crespo
Caldwell,Argo
Dooley,Liu
Zhang,Zheng
Zhang,Lee
Zhu,Baker
Ozden,Idilman
Savassi,De
Bjøro,Haukeland
Lonardo,Lonardo
Gores,Barreyro
Nobili,Feldstein
Tokushige,Hashimoto
Cherrington,Hardwick
Bojunga,Friedrich-Rust
Mastai,Toblli
Stellaard,Portincasa
Rodrigues,Ramalho
Silverman,Oliva
Gambino,Musso
Mato,Barr
Ma,Qiu
Chen,Tang
Cherrington,Fisher
Tatar,Balaban
Muntané,García-Galiano
Malaguarnera,Malaguarnera
Okita,Mori
Bañares,Catalina
Lindor,Angulo
Younossi,Sayiner
Harrison,Ahmed
Dai,Wang
Tilg,Moschen
Farrell,Van
Song,Abdelmegeed
Loria,Ballestri
the,Vos
Qu,Li
Chan,Wong
Ronis,Baumgardner
Lemoine,Serfaty
Sato,Ikejima
Sanyal,Stravitz
Jornayvaz,Asrih
Suzuki,Yang
Mohanty,Verma
Sentürk,Basaranoglu
Jump,Depner
Grabowski,Grabowski
Tuñón,Marcolin
Shiri-Sverdlov,Bieghs
Tang,Ma
Mulder,Van
Pirola,Sookoian
Buurman,Rensen
Moore,Maglich
Afdhal,Malik
Coyle,Shields
Mori,Hashizume
Maeyama,Iijima
Diamantis,Lydatakis
Sakaguchi,Seki
Camilo,Cortez-Pinto
Bacon,Harrison
Shimosegawa,Watanabe
Pugliese,Iacobini
Flott-Rahmel,Tannapfel
Lefkowitch,Salomao
Raponi,Nobili
Archimandritis,Tsochatzis
Trautwein,Beraza
Diehl,Yamaguchi
Roberts,Isenberg
Coffin,Jouët
Gordon,Goldstein
Hunt,Carson
Tomlinson,Armstrong
Loomba,Singh
Brunt,Nalbantoglu
Pattou,Caiazzo
Štimac,Milić
Fracanzani,Fargion
Loomba,Noureddin
Bosch,Berzigotti
Nagy,Dixon
Feldstein,Dixon
Reimer,Parnell
Bruno,Park
Takehara,Kamada
Burroughs,Manousou
Ratziu,Pascale
Cassader,Musso
O'Brien,Lee
Rodrigues,Aranha
Sibille,Romestaing
Sasaki,Sasaki
Ohnishi,Miura
Oren,Safadi
Terpos,Polyzos
Sugiyama,Kudo
Ohnishi,Ishii
Cassader,Musso
Patrick,Patrick
Zomer,Traber
Van,Du
Ahmed,Hafeez
Harrison,Paredes
Hsueh,Gupte
Yates,David
Xiao,Ma
Nakajima,Fujita
Tamagawa,Kojima
Minuk,Singh
Henry,Younossi
Savard,Ioannou
Burns,Kopec
Chalasani,Tandra
Brown,Gorden
An,Zhan
Lerotic,Duvnjak
Yew,Zhao
Nakajima,Yoneda
Bass,Kadayifci
Sato,Ikejima
Cadranel,de
Piemonte,Nobili
Marchesini,Bugianesi
Crabb,Chalasani
Romeo,Mancina
Mikhailidis,Athyros
Mantzoros,Polyzos
Seki,Yang
Ashford,Meakin
Duman,Yilmaz
Nakajima,Yoneda
Byrne,Byrne
Hayashi,Fukushima
Poniachik,Videla
Caldwell,de
Altomare,Serviddio
Park,Park
Moriya,Koike
Sanyal,Contos
Farrelly,Farrelly
Davila,Mittal
Loomba,Cui
Duvnjak,Stojsavljević
Geier,Weiß
Weng,Li
Beretta,Muir
Porte,Lisman
Targher,Bonora
Chayama,Nagaoki
Shiri-Sverdlov,Bieghs
Kotze,Kruger
Balakrishnan,Das
Feldstein,Alkhouri
Pirola,Sookoian
Xu,Wang
Negishi,Yamazaki
Uribe,Mendez-Sanchez
Lindor,Angulo
Lindor,Menon
Mantzoros,Katsiki
Yamamoto,Takaki
Terauchi,Nakamura
Craxì,Petta
Day,Valenti
Lamers,Gaemers
Dufour,Piguet
Nobili,Manco
Younossi,Rafiq
Cortez-Pinto,Machado
Kalra,Duseja
Ratziu,Friedman
Diehl,Machado
Davila,Mittal
Ioannou,Beste
Szabo,Ganz
Roden,Koliaki
Speliotes,Hernaez
Lotersztajn,Marra
Miller,Henning
Kaneko,Kita
Nobili,Alisi
McCullough,Pagadala
Byrne,Scorletti
Pirola,Sookoian
Zhu,Liu
Zampella,Fiorucci
Jiang,Ji
Berg,Caldwell
Qiao,Fan
Liddle,George
Ozenirler,Yakaryilmaz
McClain,Oz
Bugianesi,Smedile
Day,Day
Day,Hardy
Cusi,Bril
Cusi,Maximos
Lonardo,Loria
Mochizuki,Shimozono
Waugh,Shyangdan
Kung,Phillips
Aoyama,Nagaya
Datz,Aigner
Wands,De
Canbay,Bechmann
Okanoue,Sumida
Farrell,Larter
Schwimmer,Schwimmer
Torimura,Tanikawa
Tiniakos,Brunt
Sanyal,Contos
Yamamoto,Iwamoto
Ibdah,Nassir
Titos,López-Vicario
Dasarathy,Dasarathy
Hengstler,Grinberg
George,Van
Shiri-Sverdlov,Bieghs
Alatalo,Niemelä
Lawton,De
Sanyal,Choudhury
Brenner,Loomba
Ghoshal,Thakral
Karin,Umemura
Papatheodoridis,Kontogianni
Abdirad,Ziamajidi
Chalasani,Bell
Pedersen,Poulsen
Mohamed,Zain
Cusi,Lomonaco
Fargion,Fracanzani
Argo,Harmon
Altomare,Serviddio
Martín-Sanz,García-Monzón
Aoyagi,Osaki
Nakajima,Yoneda
Harrison,Kashi
Daram,Boppidi
Cusi,Balas
Younossi,Bondini
Poynard,Ratziu
Buckingham,Buckingham
Denk,Müller
Farrell,Zhang
Brown,Gorden
Vinciguerra,Sheedfar
Shen,Tian
Mezrich,Lamattina
Gnoni,Serviddio
Häussinger,Erhardt
Pruitt,Rivera
Canbay,Kahraman
Loria,Carulli
Cassader,Musso
Dolar,Yilmaz
Berk,Verna
Schwimmer,Rubinstein
Lim,Lee
Harrison,Larson
Nakajima,Yoneda
Lin,Liew
Malaguarnera,Malaguarnera
Clouse,Elwing
Pramanik,Amarapurkar
Gasbarrini,Grieco
Wu,Yang
Bellentani,Bellentani
Rinella,Brunt
Mccullough,Dasarathy
Saltz,Abou-Alfa
Firneisz,Firneisz
Aggarwal,Goel
Cianfarani,Nobili
Lastoria,Golfieri
Cherrington,Lake
Cherrington,Hardwick
Laakso,Pihlajamäki
Ogawa,Itoh
Ehehalt,Krammer
Bellentani,Scaglioni
Weiss,Buechler
Yki-Järvinen,Yki-Järvinen
Tiniakos,Tiniakos
Afdhal,Schuppan
Yki-Järvinen,Yki-Järvinen
Dufour,Balmer
McCullough,Younossi
Hulagu,Sazci
Arii,Takamatsu
Younossi,Calvert
Yamada,Nakayama
Adachi,Yamamoto
Suzuki,Watanabe
Avery,Heel
Adams,Bertot
Craxì,Petta
Hofker,Gruben
Li,Du
Musso,Nobili
Renner,Zezos
Martinez,Cordero
Busuttil,Zarrinpar
Nobili,Frasinariu
Yamamoto,Kawai
Savastano,Tarantino
Hellerbrand,Gäbele
Yoshikawa,Yasui
Ratziu,Pais
Feldstein,Alkhouri
Younossi,Rafiq
Hayes,Zhang
Lindor,Suzuki
Muñoz,Solís
Palasciano,Portincasa
Bengochea,Baltasar
Yilmaz,Koruk
Putignani,Del
Kahn,Softic
Bugianesi,Marengo
Dalle,Marchesini
Giordano,Amato
Fiorucci,Mencarelli
Shiri-Sverdlov,Bieghs
Ghali,Nseir
Clement,Tordjman
Tiribelli,Chavez-Tapia
Farrell,Larter
Schwimmer,Pardee
Davis,O'Leary
Gores,Cazanave
Shiratori,Tokushige
Hellerbrand,Dorn
Shiri-Sverdlov,Wouters
McClain,Cave
Murakami,Tsuda
Longato,De
Neuschwander-Tetri,Neuschwander-Tetri
Quiles,Ramirez-Tortosa
Wang,Wang
Cotler,Kallwitz
Nakajima,Yoneda
Castera,Castera
Ozercan,Ustundag
Sledziński,Jaskiewicz
Madjlessi,Pourshams
Magnuson,Solga
Chazin-Caldie,Schwartz
De,Cortez-Pinto
Desdouets,Gentric
Chiesa,Pacifico
Gores,Hirsova
Mishra,Younossi
Loomba,Patel
Tokushige,Hashimoto
Diehl,Bohinc
Yu,Pickhardt
Inukai,Aso
Day,Anstee
Jess,Zimmermann
Tanaka,Tanaka
Nobili,Alkhouri
Ghods,Widhalm
Lottenberg,Machado
Marra,Rombouts
Seo,Ko
Paradis,Trak-Smayra
Yu,Nan
Georgescu,Georgescu
Assy,Hussein
Suzuki,Watanabe
Roberts,Roberts
Khatibian,Merat
Gores,Hirsova
Mehal,Garcia-Martinez
Zelber-Sagi,Salomone
Heeringa,van
Cao,Fan
Harrison,Eckard
Scheimann,Guerrerio
Campos,Rabl
Tailleux,Lalloyer
Buurman,Verdam
Corrêa-Giannella,Oliveira
Sano,Tsutsui
Carrilho,Chagas
Ueda,Fujii
Shiratori,Tobari
Takamura,Uno
Sakaida,Jin
Klaikeaw,Thong-Ngam
Okanoue,Sumida
Carulli,Loria
Younossi,Fazel
Day,Anstee
Szabo,Csak
Cervinkova,Kucera
Nagoshi,Nagoshi
Rozman,Naik
Su,Zhang
Geerts,Coulon
Moreira,Salomao
Juyal,Nagarajan
Loria,Lonardo
Rinella,Van
Carstoiu,Fierbinteanu-Braticevici
Van,Verrijken
Schwimmer,Kistler
Holzman,Saphner
Archimandritis,Tsochatzis
Uribe,Tellez-Avila
O'Brien,Truong
Huang,Huang
Kaneko,Sakurai
Osaki,Hatanaka
Hu,Yoon
Landeiro,Guidorizzi
Powderly,Ristig
Onishi,Nozaki
Larsen,Cauble
Zanlungo,Arguello
Kovacs,Morse
Bambha,Wieland
Ramalho,Sanches
Cusi,Bril
Friedman,Lade
Wong,Yu
Ratziu,Ratziu
Tuncer,Colak
Polotsky,Mirrakhimov
Kirwan,Fealy
Nobili,Alisi
Sasaguri,Wang
Yu,Nan
Chen,Kang
Agostoni,Nobili
Aguilar-Zapata,Lizardi-Cervera
Al-Osaimi,Caldwell
Gough,Lindsay
Malekzadeh,Merat
Nobili,Iacobellis
Abrams,Arun
Saibara,Ono
Coffin,Harnois
Hussein,Assy
Chawla,Duseja
Mukherjee,Sanjeevi
Loomba,Dulai
Sheikh,Ashraf
Young,Egnatchik
Cherrington,Lake
Sasaguri,Nabeshima
Mandarim-de-Lacerda,Schultz
Von,Döcke
Berg,Karlas
Landaverde,Rahimi
Sanyal,Pacana
Takahashi,Nishizawa
Kowdley,Nelson
Rodrigues,Ferreira
Fausto,Haque
Chen,Lin
Ahmad,Malik
Shiratori,Yatsuji
Voiculescu,Copaci
Jansen,Jansen
Takasaki,Hashimoto
Beath,Beath
Das,Amarapurkar
Valenti,Dongiovanni
Staels,Francque
Angelico,Polimeni
Cooper,Sarsby
Hodson,Tariq
Ezaki,Itagaki
Roth,Clapper
Ki,Jin
Yu,Ying
Rosenberg,Tanwar
Nobili,Alkhouri
Ho,Lee
Twigg,Lo
Shimosegawa,Obara
Yu,Wu
Rakugi,Shindo
Tabata,Kato
Levade,Mas
Montalto,Giannitrapani
De,Tong
Wan,Wortham
Cariou,Cariou
Kato,Kohgo
Bass,Kadayifci
Roberts,Roberts
Allbright,Bell
Erensoy,Yalniz
Takano,Nomoto
Koike,Koike
Vizzutti,Marra
Sata,Morita
Dagalp,Yesilova
Bonkovsky,Agrawal
Sarin,Agarwal
Müller,Finan
de,Boursier
Friedman,Lefebvre
Ota,Ni
#VALUE!,Ferslew
Lonardo,Ballestri
Loria,Lonardo
Loomba,Arulanandan
Seitz,Linhart
Trauner,Jha
Younossi,Yilmaz
Shen,Wang
Jin,Xiang
Loria,Carulli
Geramizadeh,Bagheri
Vinciguerra,Podrini
Desai,Marik
Takahashi,Takahashi
Masroor,Hajiaghamohammadi
Stremmel,Pathil
Fimia,Vescovo
Konturek,Gonciarz
Sanyal,Fuchs
Newsome,Houlihan
Feldstein,Adams
Yoshikawa,Yamaguchi
Nakajima,Yoneda
Neuschwander-Tetri,Neuschwander-Tetri
Farrell,Farrell
Lesmana,Lesmana
Puri,Shimamura
Torok,Jiang
Portincasa,Palasciano
Mato,Rubio
Tanaka,Yamamoto
Bass,Merriman
Yoshimura,Fukusato
Andrade,Cotrim
Wang,Fan
Testa,Giannini
Wiegand,Karlas
Gdoura,Chtourou
Gores,Hirsova
Sanyal,Siddiqui
Van,Liang
Ahmed,Wong
Wang,Zhang
Fukusato,Takahashi
Sanyal,Siddiqui
Alsina,Kemmer
Wylie-Rosett,Conlon
Buechler,Krautbauer
Cederbaum,Wu
Van,Attar
Cortez-Pinto,MacHado
Fargion,Valenti
George,Mahady
Stewart,Ahmed
Tazuma,Hyogo
Brault,Haddad
Chae,Ha
Schirmacher,Straub
Fukui,Yoshiji
Peinado-Onsurbe,Pardina
El-Zayadi,El-Zayadi
Milkiewicz,Raszeja-Wyszomirska
Moshage,Conde
Wan,Gyamfi
Portincasa,Calamita
Younossi,Baranova
Sahin,Yalniz
Watanabe,Sato
Willes,Keshishian
DeCarli,Lieber
Farrell,Farrell
Yki-Järvinen,Luukkonen
Sanyal,Rinella
Allard,Arendt
Gryaznov,Radovic-Moreno
Dennis,Loomba
Castro,Ferreira
Rensen,Wang
Yki-Järvinen,Hyysalo
Szabo,Ganz
Saito,Takaki
Shiri-Sverdlov,Walenbergh
Szabo,Petrasek
Guillou,Ducheix
Oates,Ahmed
Treckmann,Heuer
Angulo,Grandison
Cherrington,Hardwick
Kojima,Kuo
Conget,Ezquer
Kalhan,Dasarathy
Dillon,Miller
Bruno,Chung
Oben,Asanuma
Nakajima,Fujita
Rinella,Pillai
Malecka-Panas,Krawczyk
Schwimmer,Pardee
Mori,Nakamoto
Watanabe,Aoyama
Pietrangelo,Pietrangelo
Pirola,Sookoian
Cherrington,Lickteig
Harrison,Pantsari
Grieco,Capristo
Jain,Sheela
Takeya,Yoshimatsu
Chawla,Duseja
Cançado,Deguti
Tan,Goh
Anzai,Eguchi
Chatterjee,Dattaroy
Pan,Hsu
Jacobs,da
Piiper,Waidmann
Xie,He
Lu,Mato
Wong,Shen
Szabo,Dolganiuc
Chang,Tuyama
Zhang,Wang
Konturek,Gonciarz
Sanyal,Satapathy
Mattar,Bell
Marchesini,Centis
Yki-Järvinen,Sevastianova
Ferrannini,Nannipieri
Pinzani,Vizzutti
Li,Wu
Cusi,Zambon
Palasciano,Grattagliano
Abrams,Arun
Shaffer,Shaffer
Roberts,Mager
De,Kirsch
Friedman,Tsuchida
Tacke,Tacke
Tomlinson,Hazlehurst
Mikhailidis,Kargiotis
Schnabl,Llorente
Baker,Zhu
Ferrari,Ferolla
Bass,Bambha
Clària,Rius
Farrell,Gan
Yu,Zhang
Koppe,Koppe
Shen,Sourianarayanane
Charlton,Charlton
Pawlik,Hyder
Friedman,Friedman
Wong,Wong
Van,Francque
Colombo,Della
Albano,Maina
Zhu,Patel
Cortez-Pinto,Machado
Vance,Niebergall
Hassanian,Samy
Kowdley,Siddique
Mazur,Kukla
An,Yang
Her,Shieh
Stremmel,Chamulitrat
Pirola,Sookoian
Kalfarentzos,Argentou
Oates,Ahmed
Marchesini,Bugianesi
Dixon,Dixon
Arrese,Ibañez
Di,Tarantino
Xie,Chen
Lisker-Melman,Grant
Neuschwander-Tetri,Neuschwander-Tetri
Bonkovsky,Banner
Yoshida,Hamada
Guellaen,Pawlak
Lonardo,Ballestri
Sanyal,Mota
Diehl,MacHado
Nakajima,Honda
Yki-Järvinen,Yki-Järvinen
Gonzalez,Tanaka
Loomba,Patel
Day,Hardy
Maggi,Vignozzi
García-Ruiz,Fucho
Pascale,Frau
Lian,Deng
Hsueh,Gupte
Harrison,Rodriguez
Anandan,Madanagobalane
Oben,Wierzbicki
Okanoue,Yasui
Capeau,Lemoine
Oben,Soeda
Kowdley,Vuppalanchi
Lopez,Kalhan
Baker,Zhu
Koizumi,Eguchi
Portugal,Daltro
Shiota,Ashla
Chalasani,Bell
Wang,Wang
Abdou,Moustafa
Raucci,Nobili
Setou,Zaima
Nakanuma,Sasaki
Weber,Siebler
Hulagu,Sazci
Delgado,Delgado
Poynard,Morra
Dufour,Chtioui
Wu,Liang
Sato,Sato
Ilan,Elinav
Fukui,Kojima
Younossi,Ong
Tsubouchi,Uto
Gama-Rodrigues,Oliveira
Mun,Blackburn
Cederbaum,Winters
Roden,Tilg
Tilg,Zoller
Mantzoros,Polyzos
Staels,Pawlak
Choi,Lee
Tipoe,Xiao
Hekmatdoost,Askari
Pépin,Minville
Gual,Lavallard
Nobili,Alisi
Byrne,Targher
Nobili,Ceccarelli
Nobili,De
Dumortier,Pietu
Barritt,McGowan
Harrison,Hjelkrem
Jiang,Li
Chalasani,Juluri
Duseja,Duseja
Canbay,Tan
Ozdogan,Yilmaz
Younossi,Lam
Tozun,Tahan
Ben-Ari,Chen
Cherrington,Fisher
Martinez-Chantar,Martínez-López
Clément,Tordjman
Puavilai,Sobhonslidsuk
Kawata,Saito
Nakajima,Yoneda
Sato,Okumura
Younossi,Bondini
Wakasa,Hai
Setji,Brown
Elinav,Bashiardes
Sanyal,Asgharpour
Baker,Liu
Yeomans,Carbone
Szabo,Ganz
Rao,Sharma
Dogru,Sertoglu
Sassolas,Di
Kowdley,Handa
Ogawa,Itoh
Francque,Vonghia
Sudoh,Matsumoto
Peinado-Onsurbe,Vargas
Mori,Pak
Parrilla,Guzmán-Aroca
Hibi,Tomita
Lee,Kuo
Jump,Depner
Kalayci,Yilmaz
Yilmaz,Yilmaz
Farrell,Gan
Mizuguchi,Kajikawa
MartíNez-Chantar,MartíNez-LóPez
Rousselet,Calès
Hartleb,Raszeja-Wyszomirska
Aburada,Sasaki
Aukrust,Yndestad
Lazo,Caldwell
Younossi,Estep
Lavine,Loomba
Senturk,Canbakan
Celebi,Senturk
Takano,Nomoto
Lwin,Yoshiike
Zatloukal,Janig
Kar,Das
Karakök,Koruk
Targher,Adams
Trauner,Arab
Hampe,Teufel
Stefani,Rigacci
Gores,Ibrahim
Jia,Xie
Ioannou,Ioannou
Steinberg,Smith
Salomone,Federico
Steffen,Demir
Shimosegawa,Watanabe
Dhawan,Nobili
Lee,Yang
Török,Bettaieb
Wang,Liu
McPherson,Dyson
Grønbæk,Heebøll
Jahromi,Eshraghian
Matthews,Sapp
Bellentani,Rosso
Korolczuk,Celinski
Chavakis,Chatzigeorgiou
Shiri-Sverdlov,Bieghs
Mirlohi,Kelishadi
Buurman,Rensen
Perlemuter,Ratziu
McCullough,Pagadala
Lavine,Mencin
Müller,Hucke
Hatakeyama,Wakai
Püschel,Henkel
Kodama,Brenner
Archimandritis,Papatheodoridis
Sardabi,Hashemi
Sarin,Singh
Sharma,Agarwal
Wang,Fan
Patel,Amarapurkar
Klassen,Willis
Allard,Allard
Özer,Galli
Vella,Petta
Cusi,Bril
Baumann,Nobili
Fukusato,Takahashi
Ido,Oda
Van,Du
Rodrigues,Afonso
Nanau,Neuman
Chen,Tang
DePaoli,DePaoli
Shin,Ahn
Ba-Ssalamah,Bastati
Setji,Kelley
Takata,Furusho
Van,Verrijken
Craxì,Petta
Tipoe,Xiao
Trautwein,Hatting
Bohlooly-Y,Bjursell
Ferns,Shavakhi
Anzai,Kitajima
Fargion,Fracanzani
Bruno,Chung
Simonetti,Orlacchio
An,Jiang
Yigitoglu,Uysal
Loria,Maurantonio
Fukui,Kaji
Komorowski,Gawrieh
Dufour,Balmer
Slomka,Cichoz-Lach
Moschen,Tilg
Younossi,Stepanova
Takahara,Zhang
Kawada,Ogawa
Biyikli,Uslusoy
Lohse,Schramm
Durazzo,Floreani
Sledzinski,Jaskiewicz
Grieco,Miele
Guerrero-Romero,Rodríguez-Hernández
Smyrk,Sanderson
Klinger,Kleeberg
Charlton,Goldberg
Cusi,Cusi
Kowdley,Nelson
Sonoda,Kolumam
Loomba,Bazick
Dufour,Piguet
Ludwig,Hashimoto
Pihlajamäki,Männistö
Cherrington,Hardwick
Beglinger,Bernsmeier
Moriwaki,Kochi
Harrison,Rinella
Choi,Joo
Nakajima,Imajo
Terauchi,Tajima
Canbay,Kahraman
Svegliati-Baroni,De
Lai,Wang
Chatterjee,Seth
Marroni,Marcolin
Wong,Law
Péron,Fares
Charlton,Krishnan
Rinella,Larrain
Van,Vongsuvanh
Chayama,Hyogo
Chiba,
Teoh,Ajamieh
Wong,Park
Yukawa,Matsunami
Leverve,Vial
Tang,Hu
Videla,Varela
Shibata,Nakano
Fromenty,Begriche
Neuman,Oz
Wang,Tsukamoto
Tozun,Imeryuz
Neuschwander-Tetri,Caldwell
Leclercq,Leclercq
Ozercan,Ataseven
Poynard,Ratziu
Yao,Poordad
Day,Day
Cusi,Barb
Lee,Lau
Feldstein,Arrese
Loomba,Vodkin
Tamaki,Miyao
Yoon,Hur
Takakura,Hayashizaki-Someya
Diehl,Guy
Lu,Noureddin
Omagari,Ichimura
Nobili,Pastore
Wachter,McCook
Yamamoto,Ishikawa
Yazdi,Solhi
Karagiannis,Kargiotis
Shen,Ji
Wakabayash,Sasaki
Kleemann,Liang
Perretti,Locatelli
Trauner,Jha
Asano,Okubo
Anania,Mells
Orentreich,Malloy
Osaki,Nishikawa
Li,Yang
Nishina,Asaoka
Loomba,Doycheva
Itoh,Okada
Albano,Locatelli
Taniguchi,Taniguchi
Terauchi,Nakamura
Yates,Nelson
Lee,Kim
Nobili,Rossi
Sakisaka,Irie
Murawaki,Kato
Fartoux,Rosmorduc
Olivier,Gawrieh
Lemoine,Martel
Yang,Yang
Feldstein,Gornicka
Videla,Pettinelli
Szabo,Csak
Oliveira,Cotrim
Yoshikawa,Yamaguchi
Younossi,Hossain
Williams,Touzin
Kangwanpornsiri,Greene
Neligan,Neligan
Gawrieh,Ulitsky
Mato,Rodríguez-Suárez
Sakaida,Matsumoto
Grieco,Miele
Tillmann,Heringlake
Smith,Dwyer
Takano,Nakanishi
Dalekos,Gabeta
Akyol,Degertekin
Kaplan,Kiki
Ozbay,Canbakan
Chandak,Dhillon
Pons-Romero,Cayón
Green,Rangnekar
Whitington,Sahai
Loguercio,Trappoliere
Angulo,Adams
Prough,Cave
Fargion,Fracanzani
Brenner,Liang
Kamanna,Ganji
Loomba,Spengler
Chen,Xu
Patel,Luther
Starzl,Gandhi
Yoneda,Sato
Cherrington,Lake
Shah,Singhal
Allard,Da
O'Farrelly,Kelly
Cherrington,Canet
Jump,Depner
Sasaoka,Wada
Zhang,Wang
Geerts,Coulon
Schooten,Verdam
Flynn,Wattacheril
Del,Richart
Yerian,Patil
Brown,El
Slavakis,Polyzos
Chen,Kanaya
Ferrell,Gill
Kleiner,Aly
Kiemer,Tybl
Tanaka,Tsuruta
Okanoue,Park
Donato,Gómez-Lechón
Zelber-Sagi,Ratziu
Kuwada,Dolce
Kawada,Fujii
Fukui,Tsujimoto
De,De
Uribe,Méndez-Sánchez
Loguercio,Federico
Méndez-Sánchez,Uribe
Newman,Goel
Tozun,Tahan
Kalayci,Duman
Şahin,Yalniz
Martines,Brun
Wong,Tsang
Katsuda,Sato
Miyahara,Moriyasu
Kaneko,Honda
Okanoue,Yamauchi
Rao,Kashireddy
Dufour,Oneta
Wong,Leung
Kim,Koo
Craxì,Petta
Asano,Qiang
Nauck,Meier
Saglam,Ozturk
Farrell,Ioannou
Reid,Carr
Shibolet,Zelber-Sagi
Lee,Schuck
Wiesner,Singal
Belle,Kleiner
Federico,Stiuso
Valenti,Nobili
Kremoser,Gege
Szabo,Csak
Harrison,Corrado
Gonzalez,Tanaka
Lavine,Mitchel
Frühbeck,Rodríguez
Di,Petta
Green,Henkel
Gaudio,Carpino
Kowdley,Maliken
Koehler,Garcia-Caraballo
Konturek,Gonciarz
Bugianesi,Salomone
Kamisako,Tanaka
Brunt,Neuschwander-Tetri
Takahashi,Nishizawa
Chawla,Choudhary
Chung,Corey
Harrison,Domanski
Malaguarnera,Di
Cherñavsky,Inzaugarat
Younossi,Estep
Lemoine,Anty
Cassader,Musso
French,Oliva
Dhawan,De
Mankura,Takayama
Hesham,Hesham
Caldwell,Argo
Nozaki,Suzuki
Najjar,Lee
George,van
Motagheti,Maclaren
Masuda,Oikawa
Miyanishi,Shiotani
Takano,Nakajima
Kim,Park
Djalili,Bahrami
Talwalkar,Talwalkar
De,De
Amarapurkar,Amarapurkar
Chawla,Kapil
Bergheim,Jin
Northup,Stine
Brouwer,Ferslew
Tordjman,Anjani
Kaneko,Yamada
Flynn,Sharifnia
Block,Mehta
Anania,Mells
Tonascia,Schwimmer
Ota,Kobori
Gao,Shen
Zeng,Ding
Wang,Ip
Wang,Smalling
Miyoshi,Kamada
Tarantino,Fierbinteanu-Braticevici
Imura,Nishida
Younossi,Sharma
Canbay,Sydor
Andreoletti,Cherkaoui-Malki
Zhang,Zhang
Dhawan,Fitzpatrick
Chayama,Nakahara
McCullough,Alkhouri
Cortez-Pinto,Machado
Ma,Liu
Younossi,Mishra
Sprung,Weingarten
Zatloukal,Mahajan
Whiteman,Hancock
Joh,Miyaki
Charlton,Ribeireiro
Farrell,Van
Fukusato,Takahashi
Farrell,Teoh
Vecchione,Sorrentino
Fukui,Kitade
Quinkler,Konopelska
Leelarungrayub,Chitapanarux
Labropoulou-Karatza,Arvaniti
Mori,Yamazaki
Tsuchimoto,Sugino
Younossi,Baranova
Kiyosawa,Tanaka
Saheki,Takagi
Couzigou,De
Tolman,Tolman
Brunt,Brunt
Nelson,Loomba
Newsome,Townsend
Waitzberg,Nogueira
Loomba,Noureddin
Allard,Mouzaki
Ashktorab,Sherif
Chatzigeorgiou,Nati
Geier,Becker
Tomlinson,Woods
Harrison,Perumpail
Orlic,Milic
Kuo,Tsai
Romero-Gómez,Ampuero
Reo,Michail
Upadhyay,Duseja
Lukacs-Kornek,Eckert
Richart,Auguet
Mikhailidis,Athyros
Mallika,Surapaneni
Zhu,Yuan
Koonen,Sheedfar
Jainu,Surapaneni
Hellerbrand,Dorn
Vannucchi,Domenici
Akyol,Ucar
Davenport,Grieve
Ilan,Mizrahi
Gores,Kakisaka
Tuncer,Şenateş
Ku,Strnad
Ilan,Adar
Takei,Fujita
Aburada,Sasaki
Goetze,Banasch
Huser,Schie
Cortez-Pinto,MacHado
Sakaida,Kuwashiro
Jara,Anderson
Cusi,Lomonaco
Morishita,Nakagami
Younossi,Estep
Mune,Omagari
de,de
Younossi,Rafiq
Björnsson,Björnsson
Konopski,Haukeland
Socha,Jankowska
Arora,Mathur
Ahmed,Osman
Al,Caldwell
Stein,Schneider
Shiota,Shiota
Grieco,Miele
Rocco,Nardone
McClain,Song
Luyckx,Scheen
Lengyel,Fehér
Pacak,Uwaifo
Tavill,O'Connor
Cederbaum,Winters
Anania,Rahman
Yki-Järvinen,Lallukka
Yki-Järvinen,Petäjä
Chan,Tian
Castera,Castera
Angelico,Baratta
Cassiman,Verbeek
Cherrington,Dzierlenga
Kaplowitz,Win
