{"source": "Bacon", "target": "Brunt"},                          
{"source": "Caldwell", "target": "Neuschwander-Tetri"},          
{"source": "Larter", "target": "Farrell"},                       
{"source": "Lindor", "target": "Angulo"},                        
{"source": "Salizzoni", "target": "Bugianesi"},                  
{"source": "O'Brien", "target": "Dixon"},                        
{"source": "Poynard", "target": "Ratziu"},                       
{"source": "Harrison", "target": "Williams"},                    
{"source": "Driscoll", "target": "Caldwell"},                    
{"source": "Moschen", "target": "Tilg"},                         
{"source": "George", "target": "Hui"},                           
{"source": "Harrison", "target": "Starley"},                     
{"source": "Brunt", "target": "Brunt"},                          
{"source": "Bacon", "target": "Neuschwander-Tetri"},             
{"source": "Gores", "target": "Feldstein"},                      
{"source": "Robertson", "target": "Leclercq"},                   
{"source": "Farrell", "target": "Chitturi"},                     
{"source": "Powell", "target": "George"},                        
{"source": "Clark", "target": "Clark"},                          
{"source": "Marchesini", "target": "Ratziu"},                    
{"source": "O'Brien", "target": "Dixon"},                        
{"source": "Zein", "target": "Ascha"},                           
{"source": "Pagano", "target": "Musso"},                         
{"source": "Chopra", "target": "Sheth"},                         
{"source": "Grieco", "target": "Miele"},                         
{"source": "Colin", "target": "Lindor"},                         
{"source": "Diehl", "target": "Yamaguchi"},                      
{"source": "Sanyal", "target": "Puri"},                          
{"source": "McGill", "target": "Laurin"},                        
{"source": "Feldstein", "target": "Wieckowska"},                 
{"source": "Lavine", "target": "Lavine"},                        
{"source": "Lee", "target": "Lee"},                              
{"source": "Schenker", "target": "Harrison"},                    
{"source": "Dierkhising", "target": "Charlton"},                 
{"source": "Pons-Romero", "target": "Crespo"},                   
{"source": "Pagano", "target": "Musso"},                         
{"source": "Reid", "target": "Reid"},                            
{"source": "Lavine", "target": "Schwimmer"},                     
{"source": "Thuluvath", "target": "Poonawala"},                  
{"source": "Day", "target": "Anstee"},                           
{"source": "Brunt", "target": "Brunt"},                          
{"source": "Bedogni", "target": "Bellentani"},                   
{"source": "Deugnier", "target": "Mendler"},                     
{"source": "Neuschwander-Tetri", "target": "Neuschwander-Tetri"},
{"source": "Bedossa", "target": "Paradis"},                      
{"source": "Pirola", "target": "Sookoian"},                      
{"source": "Fromenty", "target": "Begriche"},                    
{"source": "Chalasani", "target": "Vuppalanchi"},                
{"source": "McClain", "target": "Kugelmas"},                     
{"source": "Sanyal", "target": "Loomba"},                        
{"source": "Pasparakis", "target": "Luedde"},                    
{"source": "Song", "target": "Shi"},                             
{"source": "Poynard", "target": "Ratziu"},                       
{"source": "Neuschwander-Tetri", "target": "Brunt"},             
{"source": "Lindor", "target": "Abdelmalek"},                    
{"source": "Sheppard", "target": "Caldwell"},                    
{"source": "Nakamura", "target": "Yokohama"},                    
{"source": "McCullough", "target": "Feldstein"},                 
{"source": "Hayashi", "target": "Harrison"},                     
{"source": "Day", "target": "de"},                               
{"source": "Webber", "target": "Aithal"},                        
{"source": "Strasberg", "target": "Fernandez"},                  
{"source": "George", "target": "Hui"},                           
{"source": "Palmeira", "target": "Rolo"},                        
{"source": "Fargion", "target": "Fracanzani"},                   
{"source": "Bendtsen", "target": "Angulo"},                      
{"source": "Parker", "target": "Caldwell"},                      
{"source": "McCullough", "target": "McCullough"},                
{"source": "Ahmed", "target": "Wong"},                           
{"source": "Wright", "target": "Monto"},                         
{"source": "Tilg", "target": "Kaser"},                           
{"source": "Gill", "target": "Zhu"},                             
{"source": "Chung", "target": "Oh"},                             
{"source": "Pagano", "target": "Musso"},                         
{"source": "Day", "target": "James"},                            
{"source": "Feldstein", "target": "Wieckowska"},                 
{"source": "Younossi", "target": "Ong"},                         
{"source": "Le", "target": "Bekri"},                             
{"source": "Seki", "target": "Miura"},                           
{"source": "Wakasa", "target": "Seki"},                          
{"source": "Ludwig", "target": "Shimada"},                       
{"source": "Diehl", "target": "Abdelmalek"},                     
{"source": "Shapiro", "target": "Mudaliar"},                     
{"source": "Caldwell", "target": "Argo"},                        
{"source": "Feldstein", "target": "Wieckowska"},                 
{"source": "Sanyal", "target": "Puri"},                          
{"source": "Lindor", "target": "Sorbi"},                         
{"source": "Farrell", "target": "Robertson"},                    
{"source": "Cortez-Pinto", "target": "Machado"},                 
{"source": "George", "target": "Chitturi"},                      
{"source": "Diehl", "target": "Michelotti"},                     
{"source": "Hofker", "target": "Wouters"},                       
{"source": "McCullough", "target": "McCullough"},                
{"source": "Tiribelli", "target": "Marra"},                      
{"source": "Kaneko", "target": "Matsuzawa"},                     
{"source": "El-Serag", "target": "White"},                       
{"source": "Mccullough", "target": "Sanyal"},                    
{"source": "Younossi", "target": "Ong"},                         
{"source": "Nakajima", "target": "Yoneda"},                      
{"source": "Clouston", "target": "Richardson"},                  
{"source": "Maratos-Flier", "target": "Dushay"},                 
{"source": "Diehl", "target": "Jou"},                            
{"source": "Sanyal", "target": "Puri"},                          
{"source": "Crabb", "target": "Chalasani"},                      
{"source": "Crabb", "target": "Chalasani"},                      
{"source": "Bailey", "target": "Mantena"},                       
{"source": "Fromenty", "target": "Pessayre"},                    
{"source": "Pattou", "target": "Mathurin"},                      
{"source": "Kroemer", "target": "Brenner"},                      
{"source": "Nair", "target": "Charlton"},                        
{"source": "Canbay", "target": "Ertle"},                         
{"source": "Hibi", "target": "Tomita"},                          
{"source": "Day", "target": "Burt"},                             
{"source": "Pirola", "target": "Sookoian"},                      
{"source": "Borlak", "target": "Anderson"},                      
{"source": "Kowdley", "target": "Neuschwander-Tetri"},           
{"source": "De", "target": "Cortez-Pinto"},                      
{"source": "McCullough", "target": "Younossi"},                  
{"source": "Mohanty", "target": "Lewis"},                        
{"source": "Neuschwander-Tetri", "target": "Tetri"},             
{"source": "Diehl", "target": "Diehl"},                          
{"source": "McCullough", "target": "Younossi"},                  
{"source": "Zimmermann", "target": "Dufour"},                    
{"source": "Batts", "target": "Charlton"},                       
{"source": "Loomba", "target": "Singh"},                         
{"source": "Pirola", "target": "Sookoian"},                      
{"source": "Byrne", "target": "Bruce"},                          
{"source": "Yeh", "target": "Larter"},                           
{"source": "Nightingale", "target": "Palmeri"},                  
{"source": "Fukusato", "target": "Takahashi"},                   
{"source": "Jacob", "target": "Wang"},                           
{"source": "Quigley", "target": "Abu-Shanab"},                   
{"source": "Sattar", "target": "Preiss"},                        
{"source": "George", "target": "Hebbard"},                       
{"source": "Green", "target": "Rinella"},                        
{"source": "Ehman", "target": "Chen"},                           
{"source": "George", "target": "Chitturi"},                      
{"source": "Dagalp", "target": "Uygun"},                         
{"source": "Feldstein", "target": "Wieckowska"},                 
{"source": "Lindor", "target": "Adams"},                         
{"source": "McClain", "target": "Cave"},                         
{"source": "Younossi", "target": "Ong"},                         
{"source": "Paletas", "target": "Paschos"},                      
{"source": "Casini", "target": "Svegliati-Baroni"},              
{"source": "Allard", "target": "Mouzaki"},                       
{"source": "Pagano", "target": "Musso"},                         
{"source": "Chopra", "target": "Sass"},                          
{"source": "Wittington", "target": "Sahai"},                     
{"source": "Boparai", "target": "Ong"},                          
{"source": "Bass", "target": "Merriman"},                        
{"source": "Poynard", "target": "Ratziu"},                       
{"source": "Fiorelli", "target": "Fargion"},                     
{"source": "Marino", "target": "Bellentani"},                    
{"source": "Lavine", "target": "Patton"},                        
{"source": "Tacke", "target": "Marra"},                          
{"source": "Gastaldelli", "target": "Svegliati-Baroni"},         
{"source": "Brunt", "target": "Yeh"},                            
{"source": "Onishi", "target": "Namikawa"},                      
{"source": "Chitturi", "target": "Farrell"},                     
{"source": "Ahmed", "target": "Wong"},                           
{"source": "Mccullough", "target": "Zein"},                      
{"source": "Pessayre", "target": "Fromenty"},                    
{"source": "Farrell", "target": "Farrell"},                      
{"source": "Yodoi", "target": "Sumida"},                         
{"source": "Tacke", "target": "Baeck"},                          
{"source": "Lindor", "target": "Ludwig"},                        
{"source": "Tiniakos", "target": "Brunt"},                       
{"source": "Berenguer", "target": "Ortiz"},                      
{"source": "Lonardo", "target": "Nascimbeni"},                   
{"source": "Nelson", "target": "Kowdley"},                       
{"source": "Shiratori", "target": "Yatsuji"},                    
{"source": "Shibata", "target": "Nagasawa"},                     
{"source": "Lavine", "target": "Loomba"},                        
{"source": "Karin", "target": "Sun"},                            
{"source": "Shiratori", "target": "Hashimoto"},                  
{"source": "Memik", "target": "Kiyici"},                         
{"source": "Feldstein", "target": "Wree"},                       
{"source": "Pessayre", "target": "Pessayre"},                    
{"source": "Anstee", "target": "McPherson"},                     
{"source": "Aoyama", "target": "Tanaka"},                        
{"source": "Sarin", "target": "Satapathy"},                      
{"source": "Newsome", "target": "Dowman"},                       
{"source": "Nakajima", "target": "Yoneda"},                      
{"source": "Onishi", "target": "Hirose"},                        
{"source": "Schenker", "target": "Harrison"},                    
{"source": "Ratziu", "target": "Pais"},                          
{"source": "Tiengo", "target": "Tessari"},                       
{"source": "McClain", "target": "Joshi-Barve"},                  
{"source": "Bugianesi", "target": "Bugianesi"},                  
{"source": "Pagano", "target": "Musso"},                         
{"source": "Hayashi", "target": "Harrison"},                     
{"source": "Okanoue", "target": "Yasui"},                        
{"source": "Rotter", "target": "Chalasani"},                     
{"source": "Nobili", "target": "Valenti"},                       
{"source": "Younossi", "target": "Mulhall"},                     
{"source": "Malaguarnera", "target": "Malaguarnera"},            
{"source": "Chitturi", "target": "Farrell"},                     
{"source": "Park", "target": "Caldwell"},                        
{"source": "Wiesner", "target": "Kim"},                          
{"source": "Uribe", "target": "Chavez-Tapia"},                   
{"source": "Pons-Romero", "target": "Guerra"},                   
{"source": "Moreno-Otero", "target": "Medina"},                  
{"source": "Seki", "target": "Miura"},                           
{"source": "Seeley", "target": "Kohli"},                         
{"source": "Day", "target": "Day"},                              
{"source": "Bast", "target": "Koek"},                            
{"source": "Harrison", "target": "Nelson"},                      
{"source": "Farrell", "target": "Farrell"},                      
{"source": "Kaneko", "target": "Ota"},                           
{"source": "Yang", "target": "Diehl"},                           
{"source": "Lucey", "target": "Burke"},                          
{"source": "Clement", "target": "Bedossa"},                      
{"source": "Ahmed", "target": "Byrne"},                          
{"source": "Camilo", "target": "Cortez-Pinto"},                  
{"source": "Polotsky", "target": "Savransky"},                   
{"source": "Galvano", "target": "Malaguarnera"},                 
{"source": "Angulo", "target": "Adams"},                         
{"source": "le", "target": "de"},                                
{"source": "Brown", "target": "Setji"},                          
{"source": "Boparai", "target": "Ong"},                          
{"source": "Hayashi", "target": "Kamada"},                       
{"source": "Clements", "target": "Abrams"},                      
{"source": "De", "target": "Kirsch"},                            
{"source": "Harrison", "target": "Molloy"},                      
{"source": "Marchesini", "target": "Bugianesi"},                 
{"source": "Kiyosawa", "target": "Umemura"},                     
{"source": "Staels", "target": "Pawlak"},                        
{"source": "George", "target": "Angulo"},                        
{"source": "Milburn", "target": "Kalhan"},                       
{"source": "McCuskey", "target": "Farrell"},                     
{"source": "Schwimmer", "target": "Kistler"},                    
{"source": "Neuschwander-Tetri", "target": "Neuschwander-Tetri"},
{"source": "Flum", "target": "Beymer"},                          
{"source": "Farrell", "target": "Van"},                          
{"source": "Fromenty", "target": "Begriche"},                    
{"source": "Adams", "target": "Smith"},                          
{"source": "Ishibashi", "target": "Abiru"},                      
{"source": "Bailey", "target": "Mantena"},                       
{"source": "Oren", "target": "Zelber-Sagi"},                     
{"source": "Poynard", "target": "Ratziu"},                       
{"source": "Lindor", "target": "Abdelmalek"},                    
{"source": "Diehl", "target": "Nair"},                           
{"source": "Feldstein", "target": "Carter-Kent"},                
{"source": "Chayama", "target": "Hyogo"},                        
{"source": "Day", "target": "Targher"},                          
{"source": "Feldstein", "target": "Carter-Kent"},                
{"source": "Santucci", "target": "Fiorucci"},                    
{"source": "Nak", "target": "Yilmaz"},                           
{"source": "Harrison", "target": "Palekar"},                     
{"source": "Zeller", "target": "Inge"},                          
{"source": "Hespenheide", "target": "Caldwell"},                 
{"source": "Whitington", "target": "Sahai"},                     
{"source": "Day", "target": "Day"},                              
{"source": "Choudhuri", "target": "Baba"},                       
{"source": "Abrams", "target": "Kunde"},                         
{"source": "Shiota", "target": "Wanless"},                       
{"source": "Valenti", "target": "Dongiovanni"},                  
{"source": "Li", "target": "Ma"},                                
{"source": "Neumeier", "target": "Buechler"},                    
{"source": "Cusi", "target": "Gastaldelli"},                     
{"source": "Mulder", "target": "Schreuder"},                     
{"source": "Sirlin", "target": "Tang"},                          
{"source": "Hahn", "target": "Tosello-Trampont"},                
{"source": "Loomba", "target": "Boettcher"},                     
{"source": "Gores", "target": "Charlton"},                       
{"source": "Cherrington", "target": "Fisher"},                   
{"source": "Thummel", "target": "Emery"},                        
{"source": "Wong", "target": "Kwok"},                            
{"source": "Kountouras", "target": "Polyzos"},                   
{"source": "Ahmad", "target": "Malik"},                          
{"source": "Considine", "target": "Chalasani"},                  
{"source": "Anstee", "target": "Liu"},                           
{"source": "Loomba", "target": "Permutt"},                       
{"source": "Diehl", "target": "Syn"},                            
{"source": "Farrell", "target": "Larter"},                       
{"source": "Bacon", "target": "Bacon"},                          
{"source": "Bass", "target": "Loomba"},                          
{"source": "Harrison", "target": "Torres"},                      
{"source": "Diehl", "target": "Witek"},                          
{"source": "Tazuma", "target": "Hyogo"},                         
{"source": "Karakok", "target": "Koruk"},                        
{"source": "Okanoue", "target": "Kawaguchi"},                    
{"source": "Diehl", "target": "Syn"},                            
{"source": "Polotsky", "target": "Savransky"},                   
{"source": "Gual", "target": "Anty"},                            
{"source": "Forlani", "target": "Marchesini"},                   
{"source": "Wiesner", "target": "Singal"},                       
{"source": "Nobili", "target": "Manco"},                         
{"source": "Prieto", "target": "Berasain"},                      
{"source": "Sarin", "target": "Satapathy"},                      
{"source": "Rodrigues", "target": "Castro"},                     
{"source": "Canbay", "target": "Wree"},                          
{"source": "O'Brien", "target": "Dixon"},                        
{"source": "Kaplowitz", "target": "Ji"},                         
{"source": "Lindor", "target": "Nehra"},                         
{"source": "Sookoian", "target": "Pirola"},                      
{"source": "Heathcote", "target": "Allard"},                     
{"source": "Kilic", "target": "Sabuncu"},                        
{"source": "Kowdley", "target": "Roth"},                         
{"source": "Tokushige", "target": "Hashimoto"},                  
{"source": "Farrell", "target": "Larter"},                       
{"source": "Bacon", "target": "Neuschwander-Tetri"},             
{"source": "Shapiro", "target": "Pockros"},                      
{"source": "Nakajima", "target": "Imajo"},                       
{"source": "Keshavarzian", "target": "Farhadi"},                 
{"source": "Takase", "target": "Shimada"},                       
{"source": "Day", "target": "Targher"},                          
{"source": "Diehl", "target": "Diehl"},                          
{"source": "McCullough", "target": "Youssef"},                   
{"source": "Fromenty", "target": "Aubert"},                      
{"source": "Shiratori", "target": "Tokushige"},                  
{"source": "Farrell", "target": "Chitturi"},                     
{"source": "Khettry", "target": "Ayata"},                        
{"source": "Tsochatzis", "target": "Buzzetti"},                  
{"source": "Staels", "target": "Tailleux"},                      
{"source": "Tacke", "target": "Heymann"},                        
{"source": "Bojunga", "target": "Friedrich-Rust"},               
{"source": "Altomare", "target": "Serviddio"},                   
{"source": "Cotler", "target": "Kallwitz"},                      
{"source": "Bacon", "target": "Brunt"},                          
{"source": "Angulo", "target": "Castera"},                       
{"source": "Wong", "target": "Shen"},                            
{"source": "Feldstein", "target": "Alkhouri"},                   
{"source": "Hazen", "target": "Feldstein"},                      
{"source": "Hayashi", "target": "Kamada"},                       
{"source": "Younossi", "target": "Kim"},                         
{"source": "Fukui", "target": "Kitade"},                         
{"source": "Chait", "target": "Subramanian"},                    
{"source": "Portincasa", "target": "Krawczyk"},                  
{"source": "Vancica", "target": "Georgescu"},                    
{"source": "Tio", "target": "Cusi"},                             
{"source": "Konturek", "target": "Konturek"},                    
{"source": "Hayes", "target": "Chowdhry"},                       
{"source": "Chojkier", "target": "Sanyal"},                      
{"source": "Karin", "target": "Nakagawa"},                       
{"source": "Schattenberg", "target": "Schuppan"},                
{"source": "Yamanouchi", "target": "Nomura"},                    
{"source": "Bantel", "target": "Joka"},                          
{"source": "Tomita", "target": "Kawada"},                        
{"source": "Naserimoghadam", "target": "Merat"},                 
{"source": "Mathurin", "target": "Lassailly"},                   
{"source": "Ma", "target": "Tang"},                              
{"source": "Kawada", "target": "Otogawa"},                       
{"source": "Malaguarnera", "target": "Malaguarnera"},            
{"source": "Chalasani", "target": "Masuoka"},                    
{"source": "Jacob", "target": "Wang"},                           
{"source": "Mavromichalis", "target": "Papandreou"},             
{"source": "Sookoian", "target": "Pirola"},                      
{"source": "Loomba", "target": "Le"},                            
{"source": "Galvano", "target": "Malaguarnera"},                 
{"source": "Hofker", "target": "Shiri-Sverdlov"},                
{"source": "Arrese", "target": "Boza"},                          
{"source": "Todd", "target": "Langman"},                         
{"source": "Malet", "target": "Kumar"},                          
{"source": "Diehl", "target": "Boursier"},                       
{"source": "Colecchia", "target": "Festi"},                      
{"source": "Argo", "target": "Caldwell"},                        
{"source": "Younossi", "target": "Younossi"},                    
{"source": "Yilmaz", "target": "Yilmaz"},                        
{"source": "Busuttil", "target": "Agopian"},                     
{"source": "Merriman", "target": "Campos"},                      
{"source": "Chiesa", "target": "Pacifico"},                      
{"source": "Seki", "target": "Miura"},                           
{"source": "Diehl", "target": "Syn"},                            
{"source": "Clavien", "target": "McCormack"},                    
{"source": "Cherrington", "target": "Hardwick"},                 
{"source": "Chayama", "target": "Kimura"},                       
{"source": "Davis", "target": "Yalamanchili"},                   
{"source": "Cusi", "target": "Cusi"},                            
{"source": "Persico", "target": "Masarone"},                     
{"source": "Byrne", "target": "Scorletti"},                      
{"source": "Marcellin", "target": "Bedossa"},                    
{"source": "Gual", "target": "Bertola"},                         
{"source": "Serfaty", "target": "Lemoine"},                      
{"source": "Chalasani", "target": "Lee"},                        
{"source": "Feldstein", "target": "Diab"},                       
{"source": "Nobili", "target": "Manco"},                         
{"source": "Torok", "target": "Seo"},                            
{"source": "Brabant", "target": "Tacke"},                        
{"source": "Richards", "target": "Loomba"},                      
{"source": "Hancock", "target": "Lisjak"},                       
{"source": "Nadeau", "target": "Hill-Baskin"},                   
{"source": "Guo", "target": "Kong"},                             
{"source": "Kowdley", "target": "Liou"},                         
{"source": "Ferguson", "target": "Younossi"},                    
{"source": "Batteux", "target": "Laurent"},                      
{"source": "Ioannou", "target": "Savard"},                       
{"source": "Schwimmer", "target": "Dunn"},                       
{"source": "Lavine", "target": "Patton"},                        
{"source": "Nakajima", "target": "Yoneda"},                      
{"source": "Westman", "target": "Tendler"},                      
{"source": "Cavallo", "target": "Barchetta"},                    
{"source": "Nakajima", "target": "Fujita"},                      
{"source": "Abrams", "target": "Liu"},                           
{"source": "Green", "target": "Koppe"},                          
{"source": "Itoh", "target": "Sumida"},                          
{"source": "Vajro", "target": "Nobili"},                         
{"source": "Friedman", "target": "Rahman"},                      
{"source": "Delzenne", "target": "Daubioul"},                    
{"source": "Yamamoto", "target": "Takaki"},                      
{"source": "Koo", "target": "Koo"},                              
{"source": "Okanoue", "target": "Sumida"},                       
{"source": "Buurman", "target": "Rensen"},                       
{"source": "Denk", "target": "Zatloukal"},                       
{"source": "Gores", "target": "Higuchi"},                        
{"source": "Xu", "target": "Ye"},                                
{"source": "Angelico", "target": "Lirussi"},                     
{"source": "Brunt", "target": "Brunt"},                          
{"source": "Carulli", "target": "Loria"},                        
{"source": "Raiford", "target": "Washington"},                   
{"source": "Seki", "target": "Roh"},                             
{"source": "Tilg", "target": "Moschen"},                         
{"source": "Tonascia", "target": "Chalasani"},                   
{"source": "Makuuchi", "target": "Khan"},                        
{"source": "Poordad", "target": "Oh"},                           
{"source": "Merriman", "target": "Krasnoff"},                    
{"source": "Pons-Romero", "target": "Cuadrado"},                 
{"source": "Bass", "target": "Bambha"},                          
{"source": "Harrison", "target": "Torres"},                      
{"source": "Nagy", "target": "Chiang"},                          
{"source": "Quigley", "target": "Shanab"},                       
{"source": "Yamanouchi", "target": "Kawasaki"},                  
{"source": "Benhamou", "target": "Ingiliz"},                     
{"source": "Muggeo", "target": "Targher"},                       
{"source": "McCullough", "target": "McCullough"},                
{"source": "Varma", "target": "Molloy"},                         
{"source": "Mantzoros", "target": "Polyzos"},                    
{"source": "Sanyal", "target": "Sanyal"},                        
{"source": "Wang", "target": "Wang"},                            
{"source": "Lirussi", "target": "Angelico"},                     
{"source": "Diehl", "target": "Diehl"},                          
{"source": "Sanyal", "target": "Ratziu"},                        
{"source": "Feldstein", "target": "Zein"},                       
{"source": "Tsung", "target": "Reddy"},                          
{"source": "Archimandritis", "target": "Tsochatzis"},            
{"source": "Regev", "target": "Bhagat"},                         
{"source": "Bacon", "target": "Harrison"},                       
{"source": "Monga", "target": "Monga"},                          
{"source": "Brunt", "target": "Yeh"},                            
{"source": "Kumada", "target": "Kawamura"},                      
{"source": "Chonchol", "target": "Targher"},                     
{"source": "Wang", "target": "Wang"},                            
{"source": "Georgescu", "target": "Georgescu"},                  
{"source": "Marzocchi", "target": "Marchesini"},                 
{"source": "Watts", "target": "Sahebkar"},                       
{"source": "George", "target": "Mahady"},                        
{"source": "Hibi", "target": "Tomita"},                          
{"source": "Kanatani", "target": "Ito"},                         
{"source": "Hellerbrand", "target": "Dietrich"},                 
{"source": "Canbay", "target": "Bechmann"},                      
{"source": "Kawada", "target": "Fujii"},                         
{"source": "Chojkier", "target": "Ratziu"},                      
{"source": "Wang", "target": "Xu"},                              
{"source": "Sugiyama", "target": "Kudo"},                        
{"source": "Chalasani", "target": "Vuppalanchi"},                
{"source": "Feldstein", "target": "Wree"},                       
{"source": "Clouston", "target": "Gadd"},                        
{"source": "Herkel", "target": "Peiseler"},                      
{"source": "Rinella", "target": "van"},                          
{"source": "McCullough", "target": "Zein"},                      
{"source": "Shiratori", "target": "Hashimoto"},                  
{"source": "Chalasani", "target": "Liangpunsakul"},              
{"source": "Bacon", "target": "Neuschwander-Tetri"},             
{"source": "Goergens", "target": "Hallier"},                     
{"source": "Cassard-Doulcier", "target": "Leroux"},              
{"source": "Harrison", "target": "Page"},                        
{"source": "Capeau", "target": "Capeau"},                        
{"source": "Brock", "target": "Cave"},                           
{"source": "Redick", "target": "Caldwell"},                      
{"source": "Kowdley", "target": "Nelson"},                       
{"source": "Clavien", "target": "Nocito"},                       
{"source": "Bugianesi", "target": "Bhala"},                      
{"source": "Taguchi", "target": "Murakami"},                     
{"source": "Kirwan", "target": "Pagadala"},                      
{"source": "Day", "target": "Anstee"},                           
{"source": "Goldin", "target": "Anstee"},                        
{"source": "Shiri-Sverdlov", "target": "Bieghs"},                
{"source": "Cusi", "target": "Ali"},                             
{"source": "Dhawan", "target": "Marion"},                        
{"source": "Cortez-Pinto", "target": "Machado"},                 
{"source": "Correig", "target": "Vinaixa"},                      
{"source": "Omata", "target": "Ohki"},                           
{"source": "Szajewska", "target": "Socha"},                      
{"source": "Onishi", "target": "Dong"},                          
{"source": "Roth", "target": "Trevaskis"},                       
{"source": "Salles", "target": "Leite"},                         
{"source": "Sekine", "target": "Hotta"},                         
{"source": "Nouso", "target": "Takuma"},                         
{"source": "Yoshikawa", "target": "Mitsuyoshi"},                 
{"source": "Sahin", "target": "Bahcecioglu"},                    
{"source": "Palasciano", "target": "Portincasa"},                
{"source": "Galle", "target": "Schattenberg"},                   
{"source": "Brunt", "target": "Brunt"},                          
{"source": "Yoneda", "target": "Yokohama"},                      
{"source": "Valenti", "target": "Dongiovanni"},                  
{"source": "Cusi", "target": "Lomonaco"},                        
{"source": "Itoh", "target": "Okanoue"},                         
{"source": "Hadjiyannakis", "target": "Stratopoulos"},           
{"source": "George", "target": "Chitturi"},                      
{"source": "Hayashi", "target": "Shimada"},                      
{"source": "Diehl", "target": "Guy"},                            
{"source": "Newsome", "target": "Dowman"},                       
{"source": "Chihara", "target": "Takahashi"},                    
{"source": "Ilan", "target": "Elinav"},                          
{"source": "Nakamuta", "target": "Sugimoto"},                    
{"source": "Chalasani", "target": "Vuppalanchi"},                
{"source": "Jakate", "target": "Cotler"},                        
{"source": "Koek", "target": "Te"},                              
{"source": "Murr", "target": "Shalhub"},                         
{"source": "Sanyal", "target": "Satapathy"},                     
{"source": "Weinman", "target": "Singal"},                       
{"source": "Cherrington", "target": "Lake"},                     
{"source": "Chen", "target": "Nakano"},                          
{"source": "Nagata", "target": "Sakaguchi"},                     
{"source": "Buldak", "target": "Kukla"},                         
{"source": "Ye", "target": "Cong"},                              
{"source": "Inge", "target": "Xanthakos"},                       
{"source": "Park", "target": "Lee"},                             
{"source": "Hibi", "target": "Tomita"},                          
{"source": "Valenti", "target": "Dongiovanni"},                  
{"source": "Gaudio", "target": "Nobili"},                        
{"source": "Ioannou", "target": "Afzali"},                       
{"source": "Davidson", "target": "Kerr"},                        
{"source": "Sedger", "target": "Farrell"},                       
{"source": "George", "target": "London"},                        
{"source": "Serfaty", "target": "Lemoine"},                      
{"source": "Yoshida", "target": "Murata"},                       
{"source": "Lindor", "target": "Ali"},                           
{"source": "Luedde", "target": "Gautheron"},                     
{"source": "Rinella", "target": "Vanwagner"},                    
{"source": "Mccullough", "target": "Mccullough"},                
{"source": "Tran", "target": "Anty"},                            
{"source": "Nobili", "target": "Alisi"},                         
{"source": "Chalasani", "target": "Bell"},                       
{"source": "Diehl", "target": "Syn"},                            
{"source": "Hart", "target": "Mohanty"},                         
{"source": "Cherrington", "target": "Lickteig"},                 
{"source": "Murakami", "target": "Tsuda"},                       
{"source": "McCullough", "target": "Youssef"},                   
{"source": "Nobili", "target": "Giorgio"},                       
{"source": "Altomare", "target": "Serviddio"},                   
{"source": "Loria", "target": "Lonardo"},                        
{"source": "Shiratori", "target": "Yoshioka"},                   
{"source": "Green", "target": "Green"},                          
{"source": "Albano", "target": "Sutti"},                         
{"source": "Yoshikawa", "target": "Sumida"},                     
{"source": "Targher", "target": "Lonardo"},                      
{"source": "Tran", "target": "Anty"},                            
{"source": "Li", "target": "Salamone"},                          
{"source": "Pinzani", "target": "Schuppan"},                     
{"source": "Feldstein", "target": "Adams"},                      
{"source": "Hellerbrand", "target": "Dorn"},                     
{"source": "Younossi", "target": "Lam"},                         
{"source": "Loomba", "target": "Stein"},                         
{"source": "Ohnishi", "target": "Asano"},                        
{"source": "Younossi", "target": "Kim"},                         
{"source": "Chayama", "target": "Iwamoto"},                      
{"source": "Bhansali", "target": "Duseja"},                      
{"source": "Kocer", "target": "Baskol"},                         
{"source": "Marcellini", "target": "Nobili"},                    
{"source": "Hespenheide", "target": "Caldwell"},                 
{"source": "Allard", "target": "Schwenger"},                     
{"source": "Fallon", "target": "Pan"},                           
{"source": "Schuppan", "target": "Kornek"},                      
{"source": "Cusi", "target": "Gastaldelli"},                     
{"source": "Lonardo", "target": "Loria"},                        
{"source": "Skoien", "target": "Peverill"},                      
{"source": "Rinella", "target": "McCarthy"},                     
{"source": "Weiner", "target": "Weiner"},                        
{"source": "Lindor", "target": "Charlton"},                      
{"source": "Vidal-Puig", "target": "Lelliott"},                  
{"source": "Yoneyama", "target": "Fujii"},                       
{"source": "Ilan", "target": "Ilan"},                            
{"source": "Harrison", "target": "Torres"},                      
{"source": "Montoliu", "target": "Felipo"},                      
{"source": "Schuppan", "target": "Schattenberg"},                
{"source": "Alberti", "target": "Sebastiani"},                   
{"source": "Diehl", "target": "Rangwala"},                       
{"source": "Stein", "target": "Kashyap"},                        
{"source": "Sarr", "target": "Charlton"},                        
{"source": "Ramalho", "target": "Ramalho"},                      
{"source": "Roberts", "target": "Roberts"},                      
{"source": "Pons-Romero", "target": "Crespo"},                   
{"source": "Caldwell", "target": "Argo"},                        
{"source": "Dooley", "target": "Liu"},                           
{"source": "Zhang", "target": "Zheng"},                          
{"source": "Zhang", "target": "Lee"},                            
{"source": "Zhu", "target": "Baker"},                            
{"source": "Ozden", "target": "Idilman"},                        
{"source": "Savassi", "target": "De"},                           
{"source": "Lonardo", "target": "Lonardo"},                      
{"source": "Gores", "target": "Barreyro"},                       
{"source": "Nobili", "target": "Feldstein"},                     
{"source": "Tokushige", "target": "Hashimoto"},                  
{"source": "Cherrington", "target": "Hardwick"},                 
{"source": "Bojunga", "target": "Friedrich-Rust"},               
{"source": "Mastai", "target": "Toblli"},                        
{"source": "Stellaard", "target": "Portincasa"},                 
{"source": "Rodrigues", "target": "Ramalho"},                    
{"source": "Silverman", "target": "Oliva"},                      
{"source": "Ma", "target": "Qiu"},                               
{"source": "Chen", "target": "Tang"},                            
{"source": "Cherrington", "target": "Fisher"},                   
{"source": "Tatar", "target": "Balaban"},                        
{"source": "Malaguarnera", "target": "Malaguarnera"},            
{"source": "Lindor", "target": "Angulo"},                        
{"source": "Harrison", "target": "Ahmed"},                       
{"source": "Dai", "target": "Wang"},                             
{"source": "Tilg", "target": "Moschen"},                         
{"source": "Farrell", "target": "Van"},                          
{"source": "Loria", "target": "Ballestri"},                      
{"source": "the", "target": "Vos"},                              
{"source": "Qu", "target": "Li"},                                
{"source": "Lemoine", "target": "Serfaty"},                      
{"source": "Sato", "target": "Ikejima"},                         
{"source": "Jornayvaz", "target": "Asrih"},                      
{"source": "Suzuki", "target": "Yang"},                          
{"source": "Shiri-Sverdlov", "target": "Bieghs"},                
{"source": "Tang", "target": "Ma"},                              
{"source": "Mulder", "target": "Van"},                           
{"source": "Pirola", "target": "Sookoian"},                      
{"source": "Buurman", "target": "Rensen"},                       
{"source": "Moore", "target": "Maglich"},                        
{"source": "Afdhal", "target": "Malik"},                         
{"source": "Mori", "target": "Hashizume"},                       
{"source": "Diamantis", "target": "Lydatakis"},                  
{"source": "Sakaguchi", "target": "Seki"},                       
{"source": "Camilo", "target": "Cortez-Pinto"},                  
{"source": "Bacon", "target": "Harrison"},                       
{"source": "Shimosegawa", "target": "Watanabe"},                 
{"source": "Pugliese", "target": "Iacobini"},                    
{"source": "Flott-Rahmel", "target": "Tannapfel"},               
{"source": "Raponi", "target": "Nobili"},                        
{"source": "Archimandritis", "target": "Tsochatzis"},            
{"source": "Trautwein", "target": "Beraza"},                     
{"source": "Diehl", "target": "Yamaguchi"},                      
{"source": "Tomlinson", "target": "Armstrong"},                  
{"source": "Loomba", "target": "Singh"},                         
{"source": "Brunt", "target": "Nalbantoglu"},                    
{"source": "Pattou", "target": "Caiazzo"},                       
{"source": "Fracanzani", "target": "Fargion"},                   
{"source": "Loomba", "target": "Noureddin"},                     
{"source": "Bosch", "target": "Berzigotti"},                     
{"source": "Nagy", "target": "Dixon"},                           
{"source": "Feldstein", "target": "Dixon"},                      
{"source": "Reimer", "target": "Parnell"},                       
{"source": "Takehara", "target": "Kamada"},                      
{"source": "Burroughs", "target": "Manousou"},                   
{"source": "Ratziu", "target": "Pascale"},                       
{"source": "O'Brien", "target": "Lee"},                          
{"source": "Rodrigues", "target": "Aranha"},                     
{"source": "Sibille", "target": "Romestaing"},                   
{"source": "Sasaki", "target": "Sasaki"},                        
{"source": "Ohnishi", "target": "Miura"},                        
{"source": "Oren", "target": "Safadi"},                          
{"source": "Terpos", "target": "Polyzos"},                       
{"source": "Sugiyama", "target": "Kudo"},                        
{"source": "Ohnishi", "target": "Ishii"},                        
{"source": "Van", "target": "Du"},                               
{"source": "Ahmed", "target": "Hafeez"},                         
{"source": "Hsueh", "target": "Gupte"},                          
{"source": "Xiao", "target": "Ma"},                              
{"source": "Nakajima", "target": "Fujita"},                      
{"source": "Minuk", "target": "Singh"},                          
{"source": "Savard", "target": "Ioannou"},                       
{"source": "Chalasani", "target": "Tandra"},                     
{"source": "Brown", "target": "Gorden"},                         
{"source": "An", "target": "Zhan"},                              
{"source": "Nakajima", "target": "Yoneda"},                      
{"source": "Bass", "target": "Kadayifci"},                       
{"source": "Sato", "target": "Ikejima"},                         
{"source": "Piemonte", "target": "Nobili"},                      
{"source": "Marchesini", "target": "Bugianesi"},                 
{"source": "Crabb", "target": "Chalasani"},                      
{"source": "Romeo", "target": "Mancina"},                        
{"source": "Mikhailidis", "target": "Athyros"},                  
{"source": "Mantzoros", "target": "Polyzos"},                    
{"source": "Seki", "target": "Yang"},                            
{"source": "Ashford", "target": "Meakin"},                       
{"source": "Duman", "target": "Yilmaz"},                         
{"source": "Nakajima", "target": "Yoneda"},                      
{"source": "Byrne", "target": "Byrne"},                          
{"source": "Hayashi", "target": "Fukushima"},                    
{"source": "Poniachik", "target": "Videla"},                     
{"source": "Caldwell", "target": "de"},                          
{"source": "Altomare", "target": "Serviddio"},                   
{"source": "Park", "target": "Park"},                            
{"source": "Moriya", "target": "Koike"},                         
{"source": "Davila", "target": "Mittal"},                        
{"source": "Loomba", "target": "Cui"},                           
{"source": "Weng", "target": "Li"},                              
{"source": "Beretta", "target": "Muir"},                         
{"source": "Porte", "target": "Lisman"},                         
{"source": "Targher", "target": "Bonora"},                       
{"source": "Chayama", "target": "Nagaoki"},                      
{"source": "Shiri-Sverdlov", "target": "Bieghs"},                
{"source": "Kotze", "target": "Kruger"},                         
{"source": "Balakrishnan", "target": "Das"},                     
{"source": "Feldstein", "target": "Alkhouri"},                   
{"source": "Pirola", "target": "Sookoian"},                      
{"source": "Xu", "target": "Wang"},                              
{"source": "Uribe", "target": "Mendez-Sanchez"},                 
{"source": "Lindor", "target": "Angulo"},                        
{"source": "Lindor", "target": "Menon"},                         
{"source": "Mantzoros", "target": "Katsiki"},                    
{"source": "Yamamoto", "target": "Takaki"},                      
{"source": "Terauchi", "target": "Nakamura"},                    
{"source": "Day", "target": "Valenti"},                          
{"source": "Lamers", "target": "Gaemers"},                       
{"source": "Dufour", "target": "Piguet"},                        
{"source": "Nobili", "target": "Manco"},                         
{"source": "Cortez-Pinto", "target": "Machado"},                 
{"source": "Kalra", "target": "Duseja"},                         
{"source": "Ratziu", "target": "Friedman"},                      
{"source": "Diehl", "target": "Machado"},                        
{"source": "Davila", "target": "Mittal"},                        
{"source": "Ioannou", "target": "Beste"},                        
{"source": "Speliotes", "target": "Hernaez"},                    
{"source": "Lotersztajn", "target": "Marra"},                    
{"source": "Kaneko", "target": "Kita"},                          
{"source": "Nobili", "target": "Alisi"},                         
{"source": "McCullough", "target": "Pagadala"},                  
{"source": "Byrne", "target": "Scorletti"},                      
{"source": "Pirola", "target": "Sookoian"},                      
{"source": "Zhu", "target": "Liu"},                              
{"source": "Zampella", "target": "Fiorucci"},                    
{"source": "Jiang", "target": "Ji"},                             
{"source": "Berg", "target": "Caldwell"},                        
{"source": "Liddle", "target": "George"},                        
{"source": "Ozenirler", "target": "Yakaryilmaz"},                
{"source": "McClain", "target": "Oz"},                           
{"source": "Day", "target": "Day"},                              
{"source": "Day", "target": "Hardy"},                            
{"source": "Lonardo", "target": "Loria"},                        
{"source": "Waugh", "target": "Shyangdan"},                      
{"source": "Kung", "target": "Phillips"},                        
{"source": "Canbay", "target": "Bechmann"},                      
{"source": "Okanoue", "target": "Sumida"},                       
{"source": "Farrell", "target": "Larter"},                       
{"source": "Schwimmer", "target": "Schwimmer"},                  
{"source": "Torimura", "target": "Tanikawa"},                    
{"source": "Tiniakos", "target": "Brunt"},                       
{"source": "Yamamoto", "target": "Iwamoto"},                     
{"source": "Dasarathy", "target": "Dasarathy"},                  
{"source": "George", "target": "Van"},                           
{"source": "Shiri-Sverdlov", "target": "Bieghs"},                
{"source": "Brenner", "target": "Loomba"},                       
{"source": "Ghoshal", "target": "Thakral"},                      
{"source": "Karin", "target": "Umemura"},                        
{"source": "Papatheodoridis", "target": "Kontogianni"},          
{"source": "Abdirad", "target": "Ziamajidi"},                    
{"source": "Chalasani", "target": "Bell"},                       
{"source": "Cusi", "target": "Lomonaco"},                        
{"source": "Fargion", "target": "Fracanzani"},                   
{"source": "Argo", "target": "Harmon"},                          
{"source": "Altomare", "target": "Serviddio"},                   
{"source": "Aoyagi", "target": "Osaki"},                         
{"source": "Nakajima", "target": "Yoneda"},                      
{"source": "Harrison", "target": "Kashi"},                       
{"source": "Daram", "target": "Boppidi"},                        
{"source": "Cusi", "target": "Balas"},                           
{"source": "Poynard", "target": "Ratziu"},                       
{"source": "Buckingham", "target": "Buckingham"},                
{"source": "Farrell", "target": "Zhang"},                        
{"source": "Brown", "target": "Gorden"},                         
{"source": "Vinciguerra", "target": "Sheedfar"},                 
{"source": "Shen", "target": "Tian"},                            
{"source": "Mezrich", "target": "Lamattina"},                    
{"source": "Gnoni", "target": "Serviddio"},                      
{"source": "Canbay", "target": "Kahraman"},                      
{"source": "Loria", "target": "Carulli"},                        
{"source": "Dolar", "target": "Yilmaz"},                         
{"source": "Schwimmer", "target": "Rubinstein"},                 
{"source": "Harrison", "target": "Larson"},                      
{"source": "Nakajima", "target": "Yoneda"},                      
{"source": "Malaguarnera", "target": "Malaguarnera"},            
{"source": "Clouse", "target": "Elwing"},                        
{"source": "Gasbarrini", "target": "Grieco"},                    
{"source": "Wu", "target": "Yang"},                              
{"source": "Bellentani", "target": "Bellentani"},                
{"source": "Rinella", "target": "Brunt"},                        
{"source": "Mccullough", "target": "Dasarathy"},                 
{"source": "Firneisz", "target": "Firneisz"},                    
{"source": "Aggarwal", "target": "Goel"},                        
{"source": "Cianfarani", "target": "Nobili"},                    
{"source": "Cherrington", "target": "Lake"},                     
{"source": "Cherrington", "target": "Hardwick"},                 
{"source": "Ogawa", "target": "Itoh"},                           
{"source": "Ehehalt", "target": "Krammer"},                      
{"source": "Bellentani", "target": "Scaglioni"},                 
{"source": "Weiss", "target": "Buechler"},                       
{"source": "Tiniakos", "target": "Tiniakos"},                    
{"source": "Afdhal", "target": "Schuppan"},                      
{"source": "Dufour", "target": "Balmer"},                        
{"source": "McCullough", "target": "Younossi"},                  
{"source": "Hulagu", "target": "Sazci"},                         
{"source": "Arii", "target": "Takamatsu"},                       
{"source": "Yamada", "target": "Nakayama"},                      
{"source": "Suzuki", "target": "Watanabe"},                      
{"source": "Avery", "target": "Heel"},                           
{"source": "Hofker", "target": "Gruben"},                        
{"source": "Li", "target": "Du"},                                
{"source": "Musso", "target": "Nobili"},                         
{"source": "Renner", "target": "Zezos"},                         
{"source": "Martinez", "target": "Cordero"},                     
{"source": "Busuttil", "target": "Zarrinpar"},                   
{"source": "Nobili", "target": "Frasinariu"},                    
{"source": "Yamamoto", "target": "Kawai"},                       
{"source": "Yoshikawa", "target": "Yasui"},                      
{"source": "Ratziu", "target": "Pais"},                          
{"source": "Feldstein", "target": "Alkhouri"},                   
{"source": "Hayes", "target": "Zhang"},                          
{"source": "Lindor", "target": "Suzuki"},                        
{"source": "Palasciano", "target": "Portincasa"},                
{"source": "Yilmaz", "target": "Koruk"},                         
{"source": "Putignani", "target": "Del"},                        
{"source": "Kahn", "target": "Softic"},                          
{"source": "Giordano", "target": "Amato"},                       
{"source": "Fiorucci", "target": "Mencarelli"},                  
{"source": "Shiri-Sverdlov", "target": "Bieghs"},                
{"source": "Ghali", "target": "Nseir"},                          
{"source": "Clement", "target": "Tordjman"},                     
{"source": "Tiribelli", "target": "Chavez-Tapia"},               
{"source": "Farrell", "target": "Larter"},                       
{"source": "Schwimmer", "target": "Pardee"},                     
{"source": "Davis", "target": "O'Leary"},                        
{"source": "Gores", "target": "Cazanave"},                       
{"source": "Shiratori", "target": "Tokushige"},                  
{"source": "Hellerbrand", "target": "Dorn"},                     
{"source": "Shiri-Sverdlov", "target": "Wouters"},               
{"source": "McClain", "target": "Cave"},                         
{"source": "Murakami", "target": "Tsuda"},                       
{"source": "Neuschwander-Tetri", "target": "Neuschwander-Tetri"},
{"source": "Quiles", "target": "Ramirez-Tortosa"},               
{"source": "Wang", "target": "Wang"},                            
{"source": "Cotler", "target": "Kallwitz"},                      
{"source": "Nakajima", "target": "Yoneda"},                      
{"source": "Castera", "target": "Castera"},                      
{"source": "Ozercan", "target": "Ustundag"},                     
{"source": "Madjlessi", "target": "Pourshams"},                  
{"source": "Magnuson", "target": "Solga"},                       
{"source": "Chazin-Caldie", "target": "Schwartz"},               
{"source": "De", "target": "Cortez-Pinto"},                      
{"source": "Desdouets", "target": "Gentric"},                    
{"source": "Chiesa", "target": "Pacifico"},                      
{"source": "Gores", "target": "Hirsova"},                        
{"source": "Loomba", "target": "Patel"},                         
{"source": "Tokushige", "target": "Hashimoto"},                  
{"source": "Diehl", "target": "Bohinc"},                         
{"source": "Yu", "target": "Pickhardt"},                         
{"source": "Inukai", "target": "Aso"},                           
{"source": "Day", "target": "Anstee"},                           
{"source": "Jess", "target": "Zimmermann"},                      
{"source": "Tanaka", "target": "Tanaka"},                        
{"source": "Nobili", "target": "Alkhouri"},                      
{"source": "Lottenberg", "target": "Machado"},                   
{"source": "Marra", "target": "Rombouts"},                       
{"source": "Seo", "target": "Ko"},                               
{"source": "Paradis", "target": "Trak-Smayra"},                  
{"source": "Yu", "target": "Nan"},                               
{"source": "Georgescu", "target": "Georgescu"},                  
{"source": "Assy", "target": "Hussein"},                         
{"source": "Suzuki", "target": "Watanabe"},                      
{"source": "Roberts", "target": "Roberts"},                      
{"source": "Khatibian", "target": "Merat"},                      
{"source": "Gores", "target": "Hirsova"},                        
{"source": "Zelber-Sagi", "target": "Salomone"},                 
{"source": "Heeringa", "target": "van"},                         
{"source": "Cao", "target": "Fan"},                              
{"source": "Harrison", "target": "Eckard"},                      
{"source": "Scheimann", "target": "Guerrerio"},                  
{"source": "Campos", "target": "Rabl"},                          
{"source": "Tailleux", "target": "Lalloyer"},                    
{"source": "Buurman", "target": "Verdam"},                       
{"source": "Ueda", "target": "Fujii"},                           
{"source": "Shiratori", "target": "Tobari"},                     
{"source": "Takamura", "target": "Uno"},                         
{"source": "Sakaida", "target": "Jin"},                          
{"source": "Klaikeaw", "target": "Thong-Ngam"},                  
{"source": "Okanoue", "target": "Sumida"},                       
{"source": "Carulli", "target": "Loria"},                        
{"source": "Day", "target": "Anstee"},                           
{"source": "Cervinkova", "target": "Kucera"},                    
{"source": "Rozman", "target": "Naik"},                          
{"source": "Su", "target": "Zhang"},                             
{"source": "Juyal", "target": "Nagarajan"},                      
{"source": "Loria", "target": "Lonardo"},                        
{"source": "Rinella", "target": "Van"},                          
{"source": "Carstoiu", "target": "Fierbinteanu-Braticevici"},    
{"source": "Van", "target": "Verrijken"},                        
{"source": "Schwimmer", "target": "Kistler"},                    
{"source": "Archimandritis", "target": "Tsochatzis"},            
{"source": "Uribe", "target": "Tellez-Avila"},                   
{"source": "O'Brien", "target": "Truong"},                       
{"source": "Kaneko", "target": "Sakurai"},                       
{"source": "Osaki", "target": "Hatanaka"},                       
{"source": "Powderly", "target": "Ristig"},                      
{"source": "Onishi", "target": "Nozaki"},                        
{"source": "Larsen", "target": "Cauble"},                        
{"source": "Zanlungo", "target": "Arguello"},                    
{"source": "Bambha", "target": "Wieland"},                       
{"source": "Friedman", "target": "Lade"},                        
{"source": "Wong", "target": "Yu"},                              
{"source": "Ratziu", "target": "Ratziu"},                        
{"source": "Tuncer", "target": "Colak"},                         
{"source": "Kirwan", "target": "Fealy"},                         
{"source": "Nobili", "target": "Alisi"},                         
{"source": "Sasaguri", "target": "Wang"},                        
{"source": "Yu", "target": "Nan"},                               
{"source": "Chen", "target": "Kang"},                            
{"source": "Aguilar-Zapata", "target": "Lizardi-Cervera"},       
{"source": "Al-Osaimi", "target": "Caldwell"},                   
{"source": "Gough", "target": "Lindsay"},                        
{"source": "Malekzadeh", "target": "Merat"},                     
{"source": "Abrams", "target": "Arun"},                          
{"source": "Saibara", "target": "Ono"},                          
{"source": "Coffin", "target": "Harnois"},                       
{"source": "Hussein", "target": "Assy"},                         
{"source": "Chawla", "target": "Duseja"},                        
{"source": "Loomba", "target": "Dulai"},                         
{"source": "Sheikh", "target": "Ashraf"},                        
{"source": "Young", "target": "Egnatchik"},                      
{"source": "Cherrington", "target": "Lake"},                     
{"source": "Sasaguri", "target": "Nabeshima"},                   
{"source": "Mandarim-de-Lacerda", "target": "Schultz"},          
{"source": "Berg", "target": "Karlas"},                          
{"source": "Landaverde", "target": "Rahimi"},                    
{"source": "Takahashi", "target": "Nishizawa"},                  
{"source": "Kowdley", "target": "Nelson"},                       
{"source": "Rodrigues", "target": "Ferreira"},                   
{"source": "Fausto", "target": "Haque"},                         
{"source": "Chen", "target": "Lin"},                             
{"source": "Ahmad", "target": "Malik"},                          
{"source": "Shiratori", "target": "Yatsuji"},                    
{"source": "Voiculescu", "target": "Copaci"},                    
{"source": "Jansen", "target": "Jansen"},                        
{"source": "Takasaki", "target": "Hashimoto"},                   
{"source": "Beath", "target": "Beath"},                          
{"source": "Das", "target": "Amarapurkar"},                      
{"source": "Valenti", "target": "Dongiovanni"},                  
{"source": "Staels", "target": "Francque"},                      
{"source": "Angelico", "target": "Polimeni"},                    
{"source": "Cooper", "target": "Sarsby"},                        
{"source": "Hodson", "target": "Tariq"},                         
{"source": "Ezaki", "target": "Itagaki"},                        
{"source": "Roth", "target": "Clapper"},                         
{"source": "Ki", "target": "Jin"},                               
{"source": "Yu", "target": "Ying"},                              
{"source": "Rosenberg", "target": "Tanwar"},                     
{"source": "Nobili", "target": "Alkhouri"},                      
{"source": "Ho", "target": "Lee"},                               
{"source": "Twigg", "target": "Lo"},                             
{"source": "Shimosegawa", "target": "Obara"},                    
{"source": "Yu", "target": "Wu"},                                
{"source": "Rakugi", "target": "Shindo"},                        
{"source": "Levade", "target": "Mas"},                           
{"source": "Montalto", "target": "Giannitrapani"},               
{"source": "Wan", "target": "Wortham"},                          
{"source": "Cariou", "target": "Cariou"},                        
{"source": "Kato", "target": "Kohgo"},                           
{"source": "Bass", "target": "Kadayifci"},                       
{"source": "Roberts", "target": "Roberts"},                      
{"source": "Allbright", "target": "Bell"},                       
{"source": "Erensoy", "target": "Yalniz"},                       
{"source": "Takano", "target": "Nomoto"},                        
{"source": "Koike", "target": "Koike"},                          
{"source": "Vizzutti", "target": "Marra"},                       
{"source": "Dagalp", "target": "Yesilova"},                      
{"source": "Sarin", "target": "Agarwal"},                        
{"source": "de", "target": "Boursier"},                          
{"source": "Friedman", "target": "Lefebvre"},                    
{"source": "Ota", "target": "Ni"},                               
{"source": "Lonardo", "target": "Ballestri"},                    
{"source": "Loria", "target": "Lonardo"},                        
{"source": "Loomba", "target": "Arulanandan"},                   
{"source": "Seitz", "target": "Linhart"},                        
{"source": "Trauner", "target": "Jha"},                          
{"source": "Younossi", "target": "Yilmaz"},                      
{"source": "Shen", "target": "Wang"},                            
{"source": "Loria", "target": "Carulli"},                        
{"source": "Geramizadeh", "target": "Bagheri"},                  
{"source": "Vinciguerra", "target": "Podrini"},                  
{"source": "Desai", "target": "Marik"},                          
{"source": "Takahashi", "target": "Takahashi"},                  
{"source": "Masroor", "target": "Hajiaghamohammadi"},            
{"source": "Stremmel", "target": "Pathil"},                      
{"source": "Fimia", "target": "Vescovo"},                        
{"source": "Konturek", "target": "Gonciarz"},                    
{"source": "Newsome", "target": "Houlihan"},                     
{"source": "Feldstein", "target": "Adams"},                      
{"source": "Yoshikawa", "target": "Yamaguchi"},                  
{"source": "Nakajima", "target": "Yoneda"},                      
{"source": "Neuschwander-Tetri", "target": "Neuschwander-Tetri"},
{"source": "Farrell", "target": "Farrell"},                      
{"source": "Lesmana", "target": "Lesmana"},                      
{"source": "Puri", "target": "Shimamura"},                       
{"source": "Torok", "target": "Jiang"},                          
{"source": "Portincasa", "target": "Palasciano"},                
{"source": "Tanaka", "target": "Yamamoto"},                      
{"source": "Bass", "target": "Merriman"},                        
{"source": "Yoshimura", "target": "Fukusato"},                   
{"source": "Andrade", "target": "Cotrim"},                       
{"source": "Wang", "target": "Fan"},                             
{"source": "Gdoura", "target": "Chtourou"},                      
{"source": "Gores", "target": "Hirsova"},                        
{"source": "Van", "target": "Liang"},                            
{"source": "Ahmed", "target": "Wong"},                           
{"source": "Wang", "target": "Zhang"},                           
{"source": "Fukusato", "target": "Takahashi"},                   
{"source": "Alsina", "target": "Kemmer"},                        
{"source": "Buechler", "target": "Krautbauer"},                  
{"source": "Van", "target": "Attar"},                            
{"source": "Cortez-Pinto", "target": "MacHado"},                 
{"source": "Fargion", "target": "Valenti"},                      
{"source": "George", "target": "Mahady"},                        
{"source": "Stewart", "target": "Ahmed"},                        
{"source": "Tazuma", "target": "Hyogo"},                         
{"source": "Brault", "target": "Haddad"},                        
{"source": "Schirmacher", "target": "Straub"},                   
{"source": "Fukui", "target": "Yoshiji"},                        
{"source": "Peinado-Onsurbe", "target": "Pardina"},              
{"source": "Moshage", "target": "Conde"},                        
{"source": "Wan", "target": "Gyamfi"},                           
{"source": "Portincasa", "target": "Calamita"},                  
{"source": "Sahin", "target": "Yalniz"},                         
{"source": "Watanabe", "target": "Sato"},                        
{"source": "Farrell", "target": "Farrell"},                      
{"source": "Sanyal", "target": "Rinella"},                       
{"source": "Allard", "target": "Arendt"},                        
{"source": "Dennis", "target": "Loomba"},                        
{"source": "Castro", "target": "Ferreira"},                      
{"source": "Rensen", "target": "Wang"},                          
{"source": "Saito", "target": "Takaki"},                         
{"source": "Shiri-Sverdlov", "target": "Walenbergh"},            
{"source": "Guillou", "target": "Ducheix"},                      
{"source": "Oates", "target": "Ahmed"},                          
{"source": "Treckmann", "target": "Heuer"},                      
{"source": "Angulo", "target": "Grandison"},                     
{"source": "Cherrington", "target": "Hardwick"},                 
{"source": "Kojima", "target": "Kuo"},                           
{"source": "Conget", "target": "Ezquer"},                        
{"source": "Kalhan", "target": "Dasarathy"},                     
{"source": "Dillon", "target": "Miller"},                        
{"source": "Oben", "target": "Asanuma"},                         
{"source": "Nakajima", "target": "Fujita"},                      
{"source": "Rinella", "target": "Pillai"},                       
{"source": "Malecka-Panas", "target": "Krawczyk"},               
{"source": "Schwimmer", "target": "Pardee"},                     
{"source": "Mori", "target": "Nakamoto"},                        
{"source": "Watanabe", "target": "Aoyama"},                      
{"source": "Pietrangelo", "target": "Pietrangelo"},              
{"source": "Pirola", "target": "Sookoian"},                      
{"source": "Cherrington", "target": "Lickteig"},                 
{"source": "Harrison", "target": "Pantsari"},                    
{"source": "Grieco", "target": "Capristo"},                      
{"source": "Takeya", "target": "Yoshimatsu"},                    
{"source": "Chawla", "target": "Duseja"},                        
{"source": "Pan", "target": "Hsu"},                              
{"source": "Jacobs", "target": "da"},                            
{"source": "Xie", "target": "He"},                               
{"source": "Wong", "target": "Shen"},                            
{"source": "Zhang", "target": "Wang"},                           
{"source": "Konturek", "target": "Gonciarz"},                    
{"source": "Sanyal", "target": "Satapathy"},                     
{"source": "Mattar", "target": "Bell"},                          
{"source": "Marchesini", "target": "Centis"},                    
{"source": "Ferrannini", "target": "Nannipieri"},                
{"source": "Pinzani", "target": "Vizzutti"},                     
{"source": "Li", "target": "Wu"},                                
{"source": "Palasciano", "target": "Grattagliano"},              
{"source": "Abrams", "target": "Arun"},                          
{"source": "Shaffer", "target": "Shaffer"},                      
{"source": "Roberts", "target": "Mager"},                        
{"source": "De", "target": "Kirsch"},                            
{"source": "Friedman", "target": "Tsuchida"},                    
{"source": "Tacke", "target": "Tacke"},                          
{"source": "Tomlinson", "target": "Hazlehurst"},                 
{"source": "Mikhailidis", "target": "Kargiotis"},                
{"source": "Schnabl", "target": "Llorente"},                     
{"source": "Baker", "target": "Zhu"},                            
{"source": "Ferrari", "target": "Ferolla"},                      
{"source": "Bass", "target": "Bambha"},                          
{"source": "Farrell", "target": "Gan"},                          
{"source": "Yu", "target": "Zhang"},                             
{"source": "Koppe", "target": "Koppe"},                          
{"source": "Shen", "target": "Sourianarayanane"},                
{"source": "Charlton", "target": "Charlton"},                    
{"source": "Pawlik", "target": "Hyder"},                         
{"source": "Friedman", "target": "Friedman"},                    
{"source": "Wong", "target": "Wong"},                            
{"source": "Van", "target": "Francque"},                         
{"source": "Colombo", "target": "Della"},                        
{"source": "Albano", "target": "Maina"},                         
{"source": "Zhu", "target": "Patel"},                            
{"source": "Cortez-Pinto", "target": "Machado"},                 
{"source": "Vance", "target": "Niebergall"},                     
{"source": "Kowdley", "target": "Siddique"},                     
{"source": "Mazur", "target": "Kukla"},                          
{"source": "An", "target": "Yang"},                              
{"source": "Stremmel", "target": "Chamulitrat"},                 
{"source": "Pirola", "target": "Sookoian"},                      
{"source": "Oates", "target": "Ahmed"},                          
{"source": "Marchesini", "target": "Bugianesi"},                 
{"source": "Dixon", "target": "Dixon"},                          
{"source": "Di", "target": "Tarantino"},                         
{"source": "Xie", "target": "Chen"},                             
{"source": "Neuschwander-Tetri", "target": "Neuschwander-Tetri"},
{"source": "Yoshida", "target": "Hamada"},                       
{"source": "Guellaen", "target": "Pawlak"},                      
{"source": "Lonardo", "target": "Ballestri"},                    
{"source": "Diehl", "target": "MacHado"},                        
{"source": "Nakajima", "target": "Honda"},                       
{"source": "Loomba", "target": "Patel"},                         
{"source": "Day", "target": "Hardy"},                            
{"source": "Maggi", "target": "Vignozzi"},                       
{"source": "Pascale", "target": "Frau"},                         
{"source": "Lian", "target": "Deng"},                            
{"source": "Hsueh", "target": "Gupte"},                          
{"source": "Harrison", "target": "Rodriguez"},                   
{"source": "Anandan", "target": "Madanagobalane"},               
{"source": "Oben", "target": "Wierzbicki"},                      
{"source": "Okanoue", "target": "Yasui"},                        
{"source": "Capeau", "target": "Lemoine"},                       
{"source": "Oben", "target": "Soeda"},                           
{"source": "Kowdley", "target": "Vuppalanchi"},                  
{"source": "Lopez", "target": "Kalhan"},                         
{"source": "Baker", "target": "Zhu"},                            
{"source": "Portugal", "target": "Daltro"},                      
{"source": "Chalasani", "target": "Bell"},                       
{"source": "Wang", "target": "Wang"},                            
{"source": "Raucci", "target": "Nobili"},                        
{"source": "Setou", "target": "Zaima"},                          
{"source": "Nakanuma", "target": "Sasaki"},                      
{"source": "Weber", "target": "Siebler"},                        
{"source": "Hulagu", "target": "Sazci"},                         
{"source": "Delgado", "target": "Delgado"},                      
{"source": "Poynard", "target": "Morra"},                        
{"source": "Dufour", "target": "Chtioui"},                       
{"source": "Wu", "target": "Liang"},                             
{"source": "Sato", "target": "Sato"},                            
{"source": "Ilan", "target": "Elinav"},                          
{"source": "Fukui", "target": "Kojima"},                         
{"source": "Younossi", "target": "Ong"},                         
{"source": "Tsubouchi", "target": "Uto"},                        
{"source": "Mun", "target": "Blackburn"},                        
{"source": "Tilg", "target": "Zoller"},                          
{"source": "Mantzoros", "target": "Polyzos"},                    
{"source": "Staels", "target": "Pawlak"},                        
{"source": "Hekmatdoost", "target": "Askari"},                   
{"source": "Gual", "target": "Lavallard"},                       
{"source": "Nobili", "target": "Alisi"},                         
{"source": "Byrne", "target": "Targher"},                        
{"source": "Nobili", "target": "Ceccarelli"},                    
{"source": "Nobili", "target": "De"},                            
{"source": "Dumortier", "target": "Pietu"},                      
{"source": "Harrison", "target": "Hjelkrem"},                    
{"source": "Jiang", "target": "Li"},                             
{"source": "Chalasani", "target": "Juluri"},                     
{"source": "Duseja", "target": "Duseja"},                        
{"source": "Canbay", "target": "Tan"},                           
{"source": "Ozdogan", "target": "Yilmaz"},                       
{"source": "Younossi", "target": "Lam"},                         
{"source": "Tozun", "target": "Tahan"},                          
{"source": "Cherrington", "target": "Fisher"},                   
{"source": "Puavilai", "target": "Sobhonslidsuk"},               
{"source": "Kawata", "target": "Saito"},                         
{"source": "Nakajima", "target": "Yoneda"},                      
{"source": "Sato", "target": "Okumura"},                         
{"source": "Wakasa", "target": "Hai"},                           
{"source": "Setji", "target": "Brown"},                          
{"source": "Baker", "target": "Liu"},                            
{"source": "Yeomans", "target": "Carbone"},                      
{"source": "Rao", "target": "Sharma"},                           
{"source": "Dogru", "target": "Sertoglu"},                       
{"source": "Sassolas", "target": "Di"},                          
{"source": "Kowdley", "target": "Handa"},                        
{"source": "Ogawa", "target": "Itoh"},                           
{"source": "Francque", "target": "Vonghia"},                     
{"source": "Sudoh", "target": "Matsumoto"},                      
{"source": "Peinado-Onsurbe", "target": "Vargas"},               
{"source": "Mori", "target": "Pak"},                             
{"source": "Hibi", "target": "Tomita"},                          
{"source": "Lee", "target": "Kuo"},                              
{"source": "Kalayci", "target": "Yilmaz"},                       
{"source": "Yilmaz", "target": "Yilmaz"},                        
{"source": "Farrell", "target": "Gan"},                          
{"source": "Mizuguchi", "target": "Kajikawa"},                   
{"source": "Hartleb", "target": "Raszeja-Wyszomirska"},          
{"source": "Aburada", "target": "Sasaki"},                       
{"source": "Lazo", "target": "Caldwell"},                        
{"source": "Lavine", "target": "Loomba"},                        
{"source": "Senturk", "target": "Canbakan"},                     
{"source": "Celebi", "target": "Senturk"},                       
{"source": "Takano", "target": "Nomoto"},                        
{"source": "Lwin", "target": "Yoshiike"},                        
{"source": "Zatloukal", "target": "Janig"},                      
{"source": "Kar", "target": "Das"},                              
{"source": "Targher", "target": "Adams"},                        
{"source": "Trauner", "target": "Arab"},                         
{"source": "Hampe", "target": "Teufel"},                         
{"source": "Stefani", "target": "Rigacci"},                      
{"source": "Gores", "target": "Ibrahim"},                        
{"source": "Jia", "target": "Xie"},                              
{"source": "Ioannou", "target": "Ioannou"},                      
{"source": "Steinberg", "target": "Smith"},                      
{"source": "Shimosegawa", "target": "Watanabe"},                 
{"source": "Dhawan", "target": "Nobili"},                        
{"source": "Lee", "target": "Yang"},                             
{"source": "Wang", "target": "Liu"},                             
{"source": "McPherson", "target": "Dyson"},                      
{"source": "Matthews", "target": "Sapp"},                        
{"source": "Bellentani", "target": "Rosso"},                     
{"source": "Korolczuk", "target": "Celinski"},                   
{"source": "Chavakis", "target": "Chatzigeorgiou"},              
{"source": "Shiri-Sverdlov", "target": "Bieghs"},                
{"source": "Buurman", "target": "Rensen"},                       
{"source": "McCullough", "target": "Pagadala"},                  
{"source": "Hatakeyama", "target": "Wakai"},                     
{"source": "Kodama", "target": "Brenner"},                       
{"source": "Archimandritis", "target": "Papatheodoridis"},       
{"source": "Sarin", "target": "Singh"},                          
{"source": "Sharma", "target": "Agarwal"},                       
{"source": "Wang", "target": "Fan"},                             
{"source": "Patel", "target": "Amarapurkar"},                    
{"source": "Klassen", "target": "Willis"},                       
{"source": "Allard", "target": "Allard"},                        
{"source": "Vella", "target": "Petta"},                          
{"source": "Baumann", "target": "Nobili"},                       
{"source": "Fukusato", "target": "Takahashi"},                   
{"source": "Ido", "target": "Oda"},                              
{"source": "Van", "target": "Du"},                               
{"source": "Rodrigues", "target": "Afonso"},                     
{"source": "Nanau", "target": "Neuman"},                         
{"source": "Chen", "target": "Tang"},                            
{"source": "DePaoli", "target": "DePaoli"},                      
{"source": "Ba-Ssalamah", "target": "Bastati"},                  
{"source": "Setji", "target": "Kelley"},                         
{"source": "Takata", "target": "Furusho"},                       
{"source": "Van", "target": "Verrijken"},                        
{"source": "Trautwein", "target": "Hatting"},                    
{"source": "Fargion", "target": "Fracanzani"},                   
{"source": "Simonetti", "target": "Orlacchio"},                  
{"source": "An", "target": "Jiang"},                             
{"source": "Loria", "target": "Maurantonio"},                    
{"source": "Fukui", "target": "Kaji"},                           
{"source": "Komorowski", "target": "Gawrieh"},                   
{"source": "Dufour", "target": "Balmer"},                        
{"source": "Slomka", "target": "Cichoz-Lach"},                   
{"source": "Moschen", "target": "Tilg"},                         
{"source": "Takahara", "target": "Zhang"},                       
{"source": "Kawada", "target": "Ogawa"},                         
{"source": "Biyikli", "target": "Uslusoy"},                      
{"source": "Durazzo", "target": "Floreani"},                     
{"source": "Sledzinski", "target": "Jaskiewicz"},                
{"source": "Grieco", "target": "Miele"},                         
{"source": "Smyrk", "target": "Sanderson"},                      
{"source": "Klinger", "target": "Kleeberg"},                     
{"source": "Charlton", "target": "Goldberg"},                    
{"source": "Cusi", "target": "Cusi"},                            
{"source": "Kowdley", "target": "Nelson"},                       
{"source": "Loomba", "target": "Bazick"},                        
{"source": "Dufour", "target": "Piguet"},                        
{"source": "Ludwig", "target": "Hashimoto"},                     
{"source": "Cherrington", "target": "Hardwick"},                 
{"source": "Beglinger", "target": "Bernsmeier"},                 
{"source": "Moriwaki", "target": "Kochi"},                       
{"source": "Harrison", "target": "Rinella"},                     
{"source": "Nakajima", "target": "Imajo"},                       
{"source": "Terauchi", "target": "Tajima"},                      
{"source": "Canbay", "target": "Kahraman"},                      
{"source": "Svegliati-Baroni", "target": "De"},                  
{"source": "Lai", "target": "Wang"},                             
{"source": "Marroni", "target": "Marcolin"},                     
{"source": "Wong", "target": "Law"},                             
{"source": "Charlton", "target": "Krishnan"},                    
{"source": "Rinella", "target": "Larrain"},                      
{"source": "Van", "target": "Vongsuvanh"},                       
{"source": "Chayama", "target": "Hyogo"},                        
NaN                                                              
{"source": "Teoh", "target": "Ajamieh"},                         
{"source": "Wong", "target": "Park"},                            
{"source": "Yukawa", "target": "Matsunami"},                     
{"source": "Leverve", "target": "Vial"},                         
{"source": "Tang", "target": "Hu"},                              
{"source": "Videla", "target": "Varela"},                        
{"source": "Shibata", "target": "Nakano"},                       
{"source": "Fromenty", "target": "Begriche"},                    
{"source": "Neuman", "target": "Oz"},                            
{"source": "Wang", "target": "Tsukamoto"},                       
{"source": "Tozun", "target": "Imeryuz"},                        
{"source": "Neuschwander-Tetri", "target": "Caldwell"},          
{"source": "Leclercq", "target": "Leclercq"},                    
{"source": "Ozercan", "target": "Ataseven"},                     
{"source": "Poynard", "target": "Ratziu"},                       
{"source": "Yao", "target": "Poordad"},                          
{"source": "Day", "target": "Day"},                              
{"source": "Lee", "target": "Lau"},                              
{"source": "Feldstein", "target": "Arrese"},                     
{"source": "Loomba", "target": "Vodkin"},                        
{"source": "Tamaki", "target": "Miyao"},                         
{"source": "Takakura", "target": "Hayashizaki-Someya"},          
{"source": "Diehl", "target": "Guy"},                            
{"source": "Lu", "target": "Noureddin"},                         
{"source": "Omagari", "target": "Ichimura"},                     
{"source": "Nobili", "target": "Pastore"},                       
{"source": "Wachter", "target": "McCook"},                       
{"source": "Yamamoto", "target": "Ishikawa"},                    
{"source": "Yazdi", "target": "Solhi"},                          
{"source": "Karagiannis", "target": "Kargiotis"},                
{"source": "Shen", "target": "Ji"},                              
{"source": "Wakabayash", "target": "Sasaki"},                    
{"source": "Kleemann", "target": "Liang"},                       
{"source": "Perretti", "target": "Locatelli"},                   
{"source": "Trauner", "target": "Jha"},                          
{"source": "Asano", "target": "Okubo"},                          
{"source": "Anania", "target": "Mells"},                         
{"source": "Osaki", "target": "Nishikawa"},                      
{"source": "Li", "target": "Yang"},                              
{"source": "Nishina", "target": "Asaoka"},                       
{"source": "Loomba", "target": "Doycheva"},                      
{"source": "Itoh", "target": "Okada"},                           
{"source": "Albano", "target": "Locatelli"},                     
{"source": "Terauchi", "target": "Nakamura"},                    
{"source": "Lee", "target": "Kim"},                              
{"source": "Nobili", "target": "Rossi"},                         
{"source": "Sakisaka", "target": "Irie"},                        
{"source": "Fartoux", "target": "Rosmorduc"},                    
{"source": "Olivier", "target": "Gawrieh"},                      
{"source": "Yang", "target": "Yang"},                            
{"source": "Feldstein", "target": "Gornicka"},                   
{"source": "Oliveira", "target": "Cotrim"},                      
{"source": "Yoshikawa", "target": "Yamaguchi"},                  
{"source": "Williams", "target": "Touzin"},                      
{"source": "Neligan", "target": "Neligan"},                      
{"source": "Gawrieh", "target": "Ulitsky"},                      
{"source": "Sakaida", "target": "Matsumoto"},                    
{"source": "Grieco", "target": "Miele"},                         
{"source": "Tillmann", "target": "Heringlake"},                  
{"source": "Takano", "target": "Nakanishi"},                     
{"source": "Akyol", "target": "Degertekin"},                     
{"source": "Kaplan", "target": "Kiki"},                          
{"source": "Ozbay", "target": "Canbakan"},                       
{"source": "Chandak", "target": "Dhillon"},                      
{"source": "Green", "target": "Rangnekar"},                      
{"source": "Whitington", "target": "Sahai"},                     
{"source": "Angulo", "target": "Adams"},                         
{"source": "Prough", "target": "Cave"},                          
{"source": "Fargion", "target": "Fracanzani"},                   
{"source": "Brenner", "target": "Liang"},                        
{"source": "Chen", "target": "Xu"},                              
{"source": "Patel", "target": "Luther"},                         
{"source": "Starzl", "target": "Gandhi"},                        
{"source": "Yoneda", "target": "Sato"},                          
{"source": "Cherrington", "target": "Lake"},                     
{"source": "Shah", "target": "Singhal"},                         
{"source": "Allard", "target": "Da"},                            
{"source": "O'Farrelly", "target": "Kelly"},                     
{"source": "Cherrington", "target": "Canet"},                    
{"source": "Sasaoka", "target": "Wada"},                         
{"source": "Zhang", "target": "Wang"},                           
{"source": "Schooten", "target": "Verdam"},                      
{"source": "Del", "target": "Richart"},                          
{"source": "Yerian", "target": "Patil"},                         
{"source": "Brown", "target": "El"},                             
{"source": "Slavakis", "target": "Polyzos"},                     
{"source": "Ferrell", "target": "Gill"},                         
{"source": "Tanaka", "target": "Tsuruta"},                       
{"source": "Okanoue", "target": "Park"},                         
{"source": "Zelber-Sagi", "target": "Ratziu"},                   
{"source": "Kuwada", "target": "Dolce"},                         
{"source": "Kawada", "target": "Fujii"},                         
{"source": "Fukui", "target": "Tsujimoto"},                      
{"source": "De", "target": "De"},                                
{"source": "Newman", "target": "Goel"},                          
{"source": "Tozun", "target": "Tahan"},                          
{"source": "Kalayci", "target": "Duman"},                        
{"source": "Katsuda", "target": "Sato"},                         
{"source": "Miyahara", "target": "Moriyasu"},                    
{"source": "Kaneko", "target": "Honda"},                         
{"source": "Okanoue", "target": "Yamauchi"},                     
{"source": "Rao", "target": "Kashireddy"},                       
{"source": "Dufour", "target": "Oneta"},                         
{"source": "Kim", "target": "Koo"},                              
{"source": "Asano", "target": "Qiang"},                          
{"source": "Nauck", "target": "Meier"},                          
{"source": "Saglam", "target": "Ozturk"},                        
{"source": "Farrell", "target": "Ioannou"},                      
{"source": "Reid", "target": "Carr"},                            
{"source": "Wiesner", "target": "Singal"},                       
{"source": "Valenti", "target": "Nobili"},                       
{"source": "Kremoser", "target": "Gege"},                        
{"source": "Di", "target": "Petta"},                             
{"source": "Green", "target": "Henkel"},                         
{"source": "Gaudio", "target": "Carpino"},                       
{"source": "Kowdley", "target": "Maliken"},                      
{"source": "Koehler", "target": "Garcia-Caraballo"},             
{"source": "Konturek", "target": "Gonciarz"},                    
{"source": "Bugianesi", "target": "Salomone"},                   
{"source": "Kamisako", "target": "Tanaka"},                      
{"source": "Brunt", "target": "Neuschwander-Tetri"},             
{"source": "Takahashi", "target": "Nishizawa"},                  
{"source": "Chawla", "target": "Choudhary"},                     
{"source": "Chung", "target": "Corey"},                          
{"source": "Harrison", "target": "Domanski"},                    
{"source": "Malaguarnera", "target": "Di"},                      
{"source": "Lemoine", "target": "Anty"},                         
{"source": "Dhawan", "target": "De"},                            
{"source": "Mankura", "target": "Takayama"},                     
{"source": "Hesham", "target": "Hesham"},                        
{"source": "Caldwell", "target": "Argo"},                        
{"source": "Nozaki", "target": "Suzuki"},                        
{"source": "Najjar", "target": "Lee"},                           
{"source": "George", "target": "van"},                           
{"source": "Masuda", "target": "Oikawa"},                        
{"source": "Miyanishi", "target": "Shiotani"},                   
{"source": "Takano", "target": "Nakajima"},                      
{"source": "Kim", "target": "Park"},                             
{"source": "Djalili", "target": "Bahrami"},                      
{"source": "Talwalkar", "target": "Talwalkar"},                  
{"source": "De", "target": "De"},                                
{"source": "Amarapurkar", "target": "Amarapurkar"},              
{"source": "Chawla", "target": "Kapil"},                         
{"source": "Bergheim", "target": "Jin"},                         
{"source": "Northup", "target": "Stine"},                        
{"source": "Tordjman", "target": "Anjani"},                      
{"source": "Kaneko", "target": "Yamada"},                        
{"source": "Flynn", "target": "Sharifnia"},                      
{"source": "Anania", "target": "Mells"},                         
{"source": "Tonascia", "target": "Schwimmer"},                   
{"source": "Ota", "target": "Kobori"},                           
{"source": "Gao", "target": "Shen"},                             
{"source": "Zeng", "target": "Ding"},                            
{"source": "Wang", "target": "Ip"},                              
{"source": "Miyoshi", "target": "Kamada"},                       
{"source": "Tarantino", "target": "Fierbinteanu-Braticevici"},   
{"source": "Imura", "target": "Nishida"},                        
{"source": "Younossi", "target": "Sharma"},                      
{"source": "Canbay", "target": "Sydor"},                         
{"source": "Andreoletti", "target": "Cherkaoui-Malki"},          
{"source": "Zhang", "target": "Zhang"},                          
{"source": "Dhawan", "target": "Fitzpatrick"},                   
{"source": "Chayama", "target": "Nakahara"},                     
{"source": "McCullough", "target": "Alkhouri"},                  
{"source": "Cortez-Pinto", "target": "Machado"},                 
{"source": "Ma", "target": "Liu"},                               
{"source": "Sprung", "target": "Weingarten"},                    
{"source": "Zatloukal", "target": "Mahajan"},                    
{"source": "Whiteman", "target": "Hancock"},                     
{"source": "Joh", "target": "Miyaki"},                           
{"source": "Charlton", "target": "Ribeireiro"},                  
{"source": "Farrell", "target": "Van"},                          
{"source": "Fukusato", "target": "Takahashi"},                   
{"source": "Farrell", "target": "Teoh"},                         
{"source": "Fukui", "target": "Kitade"},                         
{"source": "Quinkler", "target": "Konopelska"},                  
{"source": "Leelarungrayub", "target": "Chitapanarux"},          
{"source": "Labropoulou-Karatza", "target": "Arvaniti"},         
{"source": "Mori", "target": "Yamazaki"},                        
{"source": "Tsuchimoto", "target": "Sugino"},                    
{"source": "Kiyosawa", "target": "Tanaka"},                      
{"source": "Saheki", "target": "Takagi"},                        
{"source": "Couzigou", "target": "De"},                          
{"source": "Brunt", "target": "Brunt"},                          
{"source": "Nelson", "target": "Loomba"},                        
{"source": "Newsome", "target": "Townsend"},                     
{"source": "Loomba", "target": "Noureddin"},                     
{"source": "Allard", "target": "Mouzaki"},                       
{"source": "Ashktorab", "target": "Sherif"},                     
{"source": "Chatzigeorgiou", "target": "Nati"},                  
{"source": "Geier", "target": "Becker"},                         
{"source": "Tomlinson", "target": "Woods"},                      
{"source": "Orlic", "target": "Milic"},                          
{"source": "Upadhyay", "target": "Duseja"},                      
{"source": "Richart", "target": "Auguet"},                       
{"source": "Mikhailidis", "target": "Athyros"},                  
{"source": "Mallika", "target": "Surapaneni"},                   
{"source": "Zhu", "target": "Yuan"},                             
{"source": "Koonen", "target": "Sheedfar"},                      
{"source": "Jainu", "target": "Surapaneni"},                     
{"source": "Hellerbrand", "target": "Dorn"},                     
{"source": "Vannucchi", "target": "Domenici"},                   
{"source": "Akyol", "target": "Ucar"},                           
{"source": "Ilan", "target": "Mizrahi"},                         
{"source": "Gores", "target": "Kakisaka"},                       
{"source": "Ku", "target": "Strnad"},                            
{"source": "Ilan", "target": "Adar"},                            
{"source": "Aburada", "target": "Sasaki"},                       
{"source": "Goetze", "target": "Banasch"},                       
{"source": "Huser", "target": "Schie"},                          
{"source": "Cortez-Pinto", "target": "MacHado"},                 
{"source": "Jara", "target": "Anderson"},                        
{"source": "Cusi", "target": "Lomonaco"},                        
{"source": "Morishita", "target": "Nakagami"},                   
{"source": "Mune", "target": "Omagari"},                         
{"source": "de", "target": "de"},                                
{"source": "Socha", "target": "Jankowska"},                      
{"source": "Arora", "target": "Mathur"},                         
{"source": "Ahmed", "target": "Osman"},                          
{"source": "Al", "target": "Caldwell"},                          
{"source": "Shiota", "target": "Shiota"},                        
{"source": "Grieco", "target": "Miele"},                         
{"source": "McClain", "target": "Song"},                         
{"source": "Tavill", "target": "O'Connor"},                      
{"source": "Anania", "target": "Rahman"},                        
{"source": "Castera", "target": "Castera"},                      
{"source": "Angelico", "target": "Baratta"},                     
{"source": "Cassiman", "target": "Verbeek"},                     
{"source": "Cherrington", "target": "Dzierlenga"},               
{"source": "Kaplowitz", "target": "Win"},