nodes,color,size
Abrams,last,
Ahmad,last,
Ahmed,last,
Albano,last,
Alberti,last,
Allard,last,
Altomare,last,
Angulo,last,
Aoyama,last,
Aramin,last,
Archimandritis,last,
Argo,last,
Arrese,last,
Bacon,last,
Bailey,last,
Bantel,last,
Baptista,last,
Bass,last,
Bast,last,
Batteux,last,
Batts,last,
Bedogni,last,
Bedossa,last,
Bendtsen,last,
Benhamou,last,
Berenguer,last,
Bhansali,last,
Bojunga,last,
Boparai,last,
Borlak,last,
Brabant,last,
Brock,last,
Brown,last,
Brunt,last,
Buldak,last,
Burt,last,
Busuttil,last,
Buurman,last,
Byrne,last,
Caldwell,last,
Camilo,last,
Canbay,last,
Capeau,last,
Carulli,last,
Casini,last,
Cassard-Doulcier,last,
Cavallo,last,
Chait,last,
Chalasani,last,
Charlton,last,
Chayama,last,
Chen,last,
Cherrington,last,
Chiesa,last,
Chihara,last,
Chitturi,last,
Chojkier,last,
Chonchol,last,
Chopra,last,
Choudhuri,last,
Clark,last,
Clarkson,last,
Clavien,last,
Clement,last,
Clements,last,
Clouston,last,
Coffin,last,
Colecchia,last,
Colin,last,
Considine,last,
Correig,last,
Cortez-Pinto,last,
Cotler,last,
Crabb,last,
Cusi,last,
Dagalp,last,
Davidson,last,
Davis,last,
Day,last,
De La M Hall,last,
de Lédinghen,last,
De Moura,last,
De Oliveira,last,
Delzenne,last,
Denk,last,
Deugnier,last,
Dhawan,last,
Diehl,last,
Dierkhising,last,
Dooley,last,
Driscoll,last,
Ehman,last,
El-Serag,last,
Fallon,last,
Fargion,last,
Farrell,last,
Feldstein,last,
Ferguson,last,
Fernandez-Checa,last,
Fernández-Rãada,last,
Fiorelli,last,
Flum,last,
Forlani,last,
Friedman,last,
Fromenty,last,
Fukui,last,
Fukusato,last,
Galle,last,
Galvano,last,
García-Monzón,last,
García-Ruiz,last,
Gastaldelli,last,
Gaudio,last,
George,last,
Gill,last,
Goergens,last,
Goldin,last,
Gores,last,
Green,last,
Grieco,last,
Gual,last,
Guo,last,
Hadjiyannakis,last,
Hahn,last,
Hancock,last,
Harrison,last,
Hart,last,
Hayashi,last,
Hayes,last,
Hazen,last,
Heathcote,last,
Hellerbrand,last,
Herkel,last,
Hespenheide,last,
Hibi,last,
Hofker,last,
Horsmans,last,
Hultcrantz,last,
Idle,last,
Ilan,last,
Inge,last,
Ioannou,last,
Ishibashi,last,
Itoh,last,
Jacob,last,
Jakate,last,
Kanatani,last,
Kaneko,last,
Kaplowitz,last,
Karakok,last,
Karin,last,
Kawada,last,
Keshavarzian,last,
Khettry,last,
Kilic,last,
Kirsch,last,
Kirwan,last,
Kiyosawa,last,
Kocer,last,
Koek,last,
Konturek,last,
Kountouras,last,
Kowdley,last,
Kroemer,last,
Kumada,last,
Larter,last,
Lavine,last,
le Bail,last,
Le Marchand-Brustel,last,
Lee,last,
Li,last,
Li Volti,last,
Lindor,last,
Lonardo,last,
Loomba,last,
Loria,last,
Lucey,last,
Ludwig,last,
Luedde,last,
Lustig,last,
Ma,last,
Makuuchi,last,
Malaguarnera,last,
Malet,last,
Maniu,last,
Mantzoros,last,
Maratos-Flier,last,
Marcellin,last,
Marcellini,last,
Marchesini,last,
Marino,last,
Marzocchi,last,
Mastai,last,
Mathurin,last,
Mavromichalis,last,
McClain,last,
McCullough,last,
McCuskey,last,
McGill,last,
Memik,last,
Merriman,last,
Milburn,last,
Mohanty,last,
Monga,last,
Montoliu,last,
Moreno-Otero,last,
Moschen,last,
Muggeo,last,
Mulder,last,
Müller,last,
Muntané,last,
Murakami,last,
Murr,last,
Nadeau,last,
Nagata,last,
Nagy,last,
Nair,last,
Nak,last,
Nakajima,last,
Nakamura,last,
Nakamuta,last,
Naserimoghadam,last,
Nelson,last,
Neumeier,last,
Neuschwander-Tetri,last,
Newsome,last,
Nielsen,last,
Nightingale,last,
Nobili,last,
Nouso,last,
Obermeier,last,
O'Brien,last,
Ohnishi,last,
Okanoue,last,
Okita,last,
Omata,last,
Onishi,last,
Ozden,last,
Pagano,last,
Palasciano,last,
Paletas,last,
Palmeira,last,
Parker Jr,last,
Pasparakis,last,
Pattou,last,
Persico,last,
Pessayre,last,
Pinzani,last,
Pirola,last,
Polotsky,last,
Pons-Romero,last,
Poordad,last,
Portincasa,last,
Powell,last,
Poynard,last,
Prieto,last,
Quigley,last,
Raiford,last,
Ramalho,last,
Ratziu,last,
Redick,last,
Regev,last,
Reid,last,
Richards,last,
Riely,last,
Rinella,last,
Roberts,last,
Robertson,last,
Rodrigues,last,
Roth,last,
Rotter,last,
Sahin,last,
Saibara,last,
Salizzoni,last,
Salles,last,
Santucci,last,
Sanyal,last,
Sarin,last,
Sarr,last,
Sattar,last,
Savassi Rocha,last,
Schattenberg,last,
Schenker,last,
Schuppan,last,
Schwimmer,last,
Sedger,last,
Seeley,last,
Seki,last,
Sekine,last,
Sentürk,last,
Serfaty,last,
Shah,last,
Shapiro,last,
Sheppard,last,
Shiota,last,
Shiratori,last,
Shiri-Sverdlov,last,
Silverman,last,
Sirlin,last,
Skoien,last,
Solis-Herruzo,last,
Song,last,
Sookoian,last,
Staels,last,
Stein,last,
Stellaard,last,
Strasberg,last,
Sugiyama,last,
Svegliati-Baroni,last,
Szajewska,last,
Tacke,last,
Taguchi,last,
Takase,last,
Takei,last,
Targher,last,
Tatar,last,
Tazuma,last,
Thiele,last,
Thuluvath,last,
Thummel,last,
Tiengo,last,
Tilg,last,
Tiniakos,last,
Tio,last,
Tiribelli,last,
Todd,last,
Tokushige,last,
Tomita,last,
Tonascia,last,
Torok,last,
Tran,last,
Tsochatzis,last,
Tsung,last,
Ünalp,last,
Uribe,last,
Vajro,last,
Valenti,last,
Valverde,last,
Vancica,last,
Varma,last,
Velagi?,last,
Vidal-Puig,last,
Wakasa,last,
Wang,last,
Watts,last,
Webber,last,
Weiner,last,
Weinman,last,
Westman,last,
Whitington,last,
Wiesner,last,
Wilson,last,
Wittington,last,
Wright,last,
Yamamoto,last,
Yamanouchi,last,
Yang,last,
Ye,last,
Yeh,last,
Yilmaz,last,
Yki-Järvinen,last,
Yodoi,last,
Yoneda,last,
Yoneyama,last,
Yoshida,last,
Yoshikawa,last,
Younossi,last,
Zein,last,
Zeller,last,
Zhang,last,
Zhu,last,
Zimmermann,last,
Kunde,first,
Liu,first,
Malik,first,
Sutti,first,
Sebastiani,first,
Mouzaki,first,
Schwenger,first,
Serviddio,first,
Adams,first,
Castera,first,
Tanaka,first,
Eslami,first,
Boza,first,
Mantena,first,
Joka,first,
Bambha,first,
Laurent,first,
Bellentani,first,
Paradis,first,
Ingiliz,first,
Ortiz,first,
Duseja,first,
Friedrich-Rust,first,
Ong,first,
Anderson,first,
Cave,first,
Setji,first,
Kukla,first,
Yip,first,
Agopian,first,
Rensen,first,
Bruce,first,
Scorletti,first,
Ertle,first,
Wree,first,
Bechmann,first,
Leroux,first,
Barchetta,first,
Subramanian,first,
Vuppalanchi,first,
Masuoka,first,
Liangpunsakul,first,
Bell,first,
Sreekumar,first,
Hyogo,first,
Kimura,first,
Iwamoto,first,
Tang,first,
Fisher,first,
Hardwick,first,
Lake,first,
Lickteig,first,
Pacifico,first,
Takahashi,first,
Sheth,first,
Sass,first,
Baba,first,
McCormack,first,
Nocito,first,
Richardson,first,
Gadd,first,
Sabaté,first,
Festi,first,
Vinaixa,first,
Machado,first,
Kallwitz,first,
Ali,first,
Portillo-Sanchez,first,
Lomonaco,first,
Uygun,first,
Kerr,first,
Yalamanchili,first,
Daubioul,first,
Zatloukal,first,
Mendler,first,
Marion,first,
Yamaguchi,first,
Abdelmalek,first,
Michelotti,first,
Jou,first,
Syn,first,
Witek,first,
Boursier,first,
Guy,first,
Rangwala,first,
White,first,
Pan,first,
Fracanzani,first,
Van Rooyen,first,
Chan,first,
Wieckowska,first,
Carter-Kent,first,
Alkhouri,first,
Diab,first,
Tamimi,first,
Garcia-Ruiz,first,
Tomás,first,
Beymer,first,
Rahman,first,
Begriche,first,
Aubert,first,
Kitade,first,
Miquilena-Colina,first,
Caballero,first,
Hui,first,
Hebbard,first,
London,first,
Hallier,first,
Anstee,first,
Higuchi,first,
Barreyro,first,
Koppe,first,
Miele,first,
Anty,first,
Bertola,first,
Kong,first,
Stratopoulos,first,
Tosello-Trampont,first,
Lisjak,first,
Williams,first,
Starley,first,
Barker,first,
Palekar,first,
Torres,first,
Page,first,
Kamada,first,
Shimada,first,
Chowdhry,first,
Dietrich,first,
Dorn,first,
Peiseler,first,
Wouters,first,
Stärkel,first,
S?oderberg,first,
Beyo?lu,first,
Elinav,first,
Xanthakos,first,
Savard,first,
Afzali,first,
Abiru,first,
Sumida,first,
Ito,first,
Matsuzawa,first,
Ota,first,
Ji,first,
Koruk,first,
Sun,first,
Nakagawa,first,
Otogawa,first,
Fujii,first,
Farhadi,first,
Ayata,first,
Sabuncu,first,
Pagadala,first,
Umemura,first,
Baskol,first,
Te Sligte,first,
Polyzos,first,
Liou,first,
Brenner,first,
Kawamura,first,
Patton,first,
Bekri,first,
Salamone,first,
Sorbi,first,
Nehra,first,
Nascimbeni,first,
Singh,first,
Boettcher,first,
Permutt,first,
Le,first,
Burke,first,
Gautheron,first,
Lim,first,
Qiu,first,
Khan,first,
Kumar,first,
Lup?or,first,
Dushay,first,
Bugianesi,first,
Toblli,first,
Lassailly,first,
Papandreou,first,
Kugelmas,first,
Joshi-Barve,first,
Youssef,first,
Laurin,first,
Kiyici,first,
Campos,first,
Krasnoff,first,
Kalhan,first,
Lewis,first,
Felipo,first,
Medina,first,
Schreuder,first,
Duval,first,
De Wit,first,
García-Galiano,first,
Tsuda,first,
Shalhub,first,
Hill-Baskin,first,
Sakaguchi,first,
Chiang,first,
Imajo,first,
Fujita,first,
Yokohama,first,
Sugimoto,first,
Merat,first,
Buechler,first,
Tetri,first,
Dowman,first,
Mardinoglu,first,
Palmeri,first,
Manco,first,
Alisi,first,
Giorgio,first,
Takuma,first,
Gäbele,first,
Dixon,first,
Asano,first,
Yasui,first,
Kawaguchi,first,
Ohki,first,
Namikawa,first,
Hirose,first,
Dong,first,
Idilman,first,
Musso,first,
Paschos,first,
Rolo,first,
Masarone,first,
Savransky,first,
Crespo,first,
Guerra,first,
Cuadrado,first,
Oh,first,
Krawczyk,first,
Berasain,first,
Abu-Shanab,first,
Shanab,first,
Washington,first,
Pais,first,
Bhagat,first,
Willner,first,
van Wagner,first,
Vanwagner,first,
McCarthy,first,
Leclercq,first,
Ribeiro,first,
Castro,first,
Trevaskis,first,
Bahcecioglu,first,
Eguchi,first,
Leite,first,
Fiorucci,first,
Satapathy,first,
Preiss,first,
De Almeida,first,
Kornek,first,
Kistler,first,
Dunn,first,
Kohli,first,
Miura,first,
Roh,first,
Hotta,first,
Basaranoglu,first,
Lemoine,first,
Prashanth,first,
Mudaliar,first,
Adorini,first,
Pockros,first,
Wanless,first,
Yatsuji,first,
Hashimoto,first,
Yoshioka,first,
Bieghs,first,
Oliva,first,
Peverill,first,
Pérez-Carreras,first,
Shi,first,
Pawlak,first,
Tailleux,first,
Kashyap,first,
Fernandez,first,
Kudo,first,
Vanni,first,
Socha,first,
Marra,first,
Baeck,first,
Heymann,first,
Balaban,first,
Browning,first,
Poonawala,first,
Emery,first,
Tessari,first,
Kaser,first,
Langman,first,
Hoofnagle,first,
Seo,first,
Buzzetti,first,
Reddy,first,
Chavez-Tapia,first,
Dongiovanni,first,
González-Rodríguez,first,
Georgescu,first,
Molloy,first,
Duvnjak,first,
Lelliott,first,
Xu,first,
Sahebkar,first,
Aithal,first,
Singal,first,
Tendler,first,
Sahai,first,
Kim,first,
Sung,first,
Monto,first,
Takaki,first,
Kawasaki,first,
Cong,first,
Murata,first,
Mitsuyoshi,first,
Estep,first,
Ascha,first,
Zheng,first,
Baker,first,
Dufour,first,
